Substance,EDGAR Country Code,Country,1990,1991,1992,1993,1994,1995,1996,1997,1998,1999,2000,2001,2002,2003,2004,2005,2006,2007,2008,2009,2010,2011,2012,2013,2014,2015,2016,2017,2018,2019,2020,2021
CO2,ABW,Aruba,0.2591233335,0.2837273098,0.3110329923,0.2782714789,0.281836186,0.2954951211,0.1951679259,0.2785049121,0.2734566105,0.2851173048,0.2842925424,0.2803625523,0.2885170403,0.3696975479,0.3578718297,0.3699360105,0.3555420445,0.3528215982,0.3259510126,0.3973997057,0.3947356079,0.3630397391,0.4687153892,0.4323027568,0.4397504705,0.4226374957,0.4063515405,0.3210073015,0.3247343699,0.3413875942,0.3625433996,0.3456046828
CO2,AFG,Afghanistan,0.09500474653,0.1018425564,0.06117926701,0.07818253313,0.09617571675,0.0569224665,0.05890483334,0.06136379617,0.06478545808,0.06596344951,0.05772659052,0.05630269036,0.03663748516,0.03651016591,0.03225375695,0.03986883578,0.04230011832,0.05169717153,0.09888400035,0.1334689415,0.1415731251,0.2077896134,0.1582997376,0.1242239692,0.1142600963,0.1174804984,0.1049101261,0.1090221552,0.1204622615,0.1028891269,0.106682959,0.1088202264
CO2,AGO,Angola,0.1655795258,0.1719766907,0.1879616889,0.2476145017,0.2314315939,0.2268411129,0.2416610759,0.2356636206,0.2338002286,0.2421106992,0.2152483119,0.2025780614,0.1754021125,0.1853220601,0.1705328586,0.1329423282,0.1248363139,0.1128476996,0.1147745459,0.1244240104,0.1278471871,0.1283510734,0.119848904,0.1313608216,0.136966358,0.1454468664,0.1405844316,0.1198688218,0.111792729,0.1185606753,0.1142150605,0.1202798178
CO2,AIA,Anguilla,0.02468095622,0.0397916662,0.03137697067,0.03809806408,0.04894520834,0.06094660407,0.06249492579,0.05257090361,0.04193744202,0.03647135018,0.05071809291,0.05243506458,0.04023582344,0.04416926,0.03724668843,0.03127560977,0.02768351906,0.02259313362,0.02772300812,0.05115081175,0.06289121786,0.06822272543,0.07378514745,0.09210522739,0.09675950929,0.1122141202,0.1256093231,0.1485547895,0.1877219526,0.1222081209,0.1077312498,0.1201657049
CO2,AIR,International Aviation,,,,,,,,,,,,,,,,,,,,,,,,,,,,,,,,
CO2,ALB,Albania,0.4193716666,0.3884917195,0.228264017,0.1958601956,0.1897770842,0.1481553711,0.1351229421,0.1175646764,0.1297023494,0.1838805366,0.1798437906,0.1766637066,0.1961309486,0.195258981,0.1939879277,0.1740163483,0.1627861268,0.1576245872,0.1451120315,0.1435491221,0.1474426849,0.1561742333,0.1404650139,0.1462774213,0.1533864048,0.1436693084,0.1306694189,0.1457054235,0.1392386589,0.129298628,0.1251438016,0.1124564687
CO2,ANT,Curaçao,0.9404645499,0.9525932562,0.9764116682,0.791876313,0.8659393105,0.8417846738,0.8225989984,1.548295368,1.53853604,1.460972043,1.480520834,1.500764842,1.430499538,1.430620568,1.490768317,1.561249427,1.512379583,1.603312045,1.552981566,1.463764213,1.083446494,1.380070548,1.246621557,1.147737399,1.303708973,1.313077047,1.13464302,0.9185793296,0.7463260264,0.5934386855,0.6027047862,0.6699303942
CO2,ARE,United Arab Emirates,0.2792204427,0.3149268018,0.2943737242,0.3065139036,0.3157096328,0.3156550687,0.3118192659,0.3003730807,0.3072512206,0.307872158,0.2755742592,0.3111188065,0.3105491338,0.3000420453,0.2894558461,0.2939164501,0.2779717463,0.2904952262,0.3370605972,0.3581151559,0.3665452633,0.3513511551,0.3546408775,0.3549170686,0.3427549388,0.3437104862,0.3414037021,0.3274099731,0.2913583863,0.2987964245,0.3024295573,0.3021393595
CO2,ARG,Argentina,0.2181802154,0.210533937,0.1993607905,0.1906768835,0.1861744822,0.1951427454,0.2020221091,0.1933706208,0.195558755,0.2059173007,0.2030343106,0.2038472578,0.215216462,0.2195407278,0.2231815537,0.2100259688,0.2058830743,0.1996219629,0.1979676739,0.193735357,0.1886037559,0.1868099914,0.1905246797,0.1922362079,0.1950027859,0.1931748281,0.1952666162,0.1869064472,0.189734187,0.1847198519,0.1923486765,0.1918402997
CO2,ARM,Armenia,1.129504492,1.332332087,1.168397237,0.6030359179,0.3185362038,0.373899926,0.2611532446,0.3242284362,0.3136670766,0.272686053,0.2948104673,0.2738994453,0.2074719686,0.2032426915,0.1976078812,0.2055392764,0.18311099,0.1861569322,0.1906389038,0.1783825208,0.1673056311,0.1822575928,0.1959968506,0.1796400159,0.1731269604,0.1634745406,0.1554591066,0.1528715166,0.1537762594,0.1549724401,0.1705229148,0.1712692847
CO2,ATG,Antigua and Barbuda,0.4425761938,0.4567245815,0.4764488061,0.4221996616,0.4158365675,0.4446901313,0.4203239586,0.3884932444,0.3754169322,0.3826824526,0.3542657045,0.3693780297,0.3978134795,0.4977574224,0.481540085,0.4442208719,0.4006582479,0.3780960779,0.3804480135,0.4826014091,0.5345335831,0.6260024782,0.6536316575,0.6598154581,0.6562432874,0.6222283986,0.5970058664,0.4125751137,0.4217635441,0.3989753413,0.4126133203,0.4363296758
CO2,AUS,Australia,0.5256200363,0.5315021895,0.5356660609,0.5223430935,0.5118675376,0.5099451839,0.5080800238,0.503073339,0.5120761434,0.4954977335,0.4846872838,0.4838347986,0.4759274661,0.4604083912,0.4582738518,0.4487051649,0.4437108409,0.4390884288,0.4278984608,0.4261477921,0.4125354457,0.4003291775,0.3851390482,0.3686946382,0.3516764756,0.3496296374,0.347738728,0.3435757615,0.3321040584,0.3252096059,0.3012508242,0.2898812322
CO2,AUT,Austria,0.217867906,0.2234966652,0.2019932271,0.2012451053,0.1983345175,0.2028182875,0.2099439103,0.2046112192,0.1991150877,0.1869503715,0.1826041597,0.1928897377,0.1939313612,0.2053333571,0.2028502753,0.1997759319,0.1882288945,0.1748002127,0.1712654235,0.1617307573,0.1724134155,0.1637463533,0.1559338688,0.1571627394,0.1481121025,0.1495301529,0.1477146745,0.1491976872,0.1393415737,0.1410978303,0.1369372188,0.1366216642
CO2,AZE,Azerbaijan,0.9998372226,0.9803008402,1.031273752,1.17932748,1.305904176,1.436377923,1.188333917,1.093080718,0.9939513091,0.9145304311,0.8719848634,0.7552681001,0.6840895124,0.6791148402,0.6156262271,0.5113050115,0.385464766,0.2797441681,0.2788917488,0.2131567387,0.1934720294,0.2186750001,0.2356824775,0.2295172735,0.2329661669,0.2270558648,0.2371008233,0.2351525121,0.2377908735,0.2518310197,0.259718831,0.2536150615
CO2,BDI,Burundi,0.03804033619,0.04882798297,0.03949838805,0.04668436103,0.05043550554,0.05406430173,0.06258914144,0.06511216379,0.06555703776,0.06806730675,0.06375682467,0.04908033631,0.04344209142,0.03652250217,0.04178239928,0.03508929957,0.04109640345,0.06331272451,0.03614915281,0.03479048419,0.04756166224,0.05477749675,0.05006079393,0.05355073099,0.04596521891,0.05063468987,0.05574203987,0.06344102818,0.08294260032,0.08608328394,0.07674396045,0.08028700962
CO2,BEL,Belgium,0.3295563756,0.3344666802,0.3237100486,0.3215671739,0.3251914886,0.3208948223,0.3291236866,0.3095667822,0.3119549182,0.291154239,0.2850870935,0.2844363964,0.2633516711,0.2713941772,0.2601057107,0.2457652979,0.2362497958,0.2204836322,0.2228310841,0.2112917823,0.2205037668,0.197409219,0.1932290302,0.195109938,0.179384228,0.1843210314,0.1800805368,0.1744848458,0.1725646076,0.1680794717,0.1611799841,0.1604190711
CO2,BEN,Benin,0.03834012423,0.032567165,0.0343568024,0.03290545296,0.03280762976,0.03158494795,0.07911622287,0.09472443108,0.08783226594,0.09166637335,0.09237833142,0.1051420773,0.1159473083,0.1253919662,0.1279348801,0.137751494,0.1819441114,0.1950988818,0.1846776815,0.1935557064,0.2052903961,0.1946478258,0.1769210246,0.1735783961,0.1791563557,0.1871679255,0.221307514,0.2134980447,0.2277888928,0.2092359059,0.1992392738,0.2009329352
CO2,BFA,Burkina Faso,0.04603064455,0.0562819425,0.04996177144,0.05064889012,0.05456461224,0.0530654183,0.05221011928,0.07959077208,0.06995156523,0.06713806453,0.06740378369,0.07133484317,0.07093411732,0.07272408858,0.06302977756,0.0618149215,0.05818984812,0.07865964501,0.08576090919,0.08010389546,0.07924315236,0.07804028052,0.08451015739,0.09333435626,0.08058766902,0.1093388265,0.1010571398,0.112276858,0.1147843318,0.1131518902,0.1098441862,0.1098053839
CO2,BGD,Bangladesh,0.07770892067,0.07143745811,0.07573283709,0.07634451624,0.07938029436,0.0920516574,0.08963395531,0.09227785743,0.0896505451,0.09160900716,0.09410892777,0.1050762169,0.1065370244,0.1060356665,0.1064226394,0.1064383049,0.1072806914,0.1059968317,0.1118401145,0.1129566857,0.1186965824,0.1186108567,0.117645614,0.1148454993,0.113988947,0.1220109858,0.1167298805,0.1169444222,0.1152865088,0.1158530081,0.1112507334,0.1067535346
CO2,BGR,Bulgaria,0.7257296648,0.6456188404,0.6667177233,0.6853956853,0.6437235359,0.6388685764,0.6115186156,0.6861366477,0.631803281,0.6081175084,0.5572771096,0.55935205,0.498502617,0.5329804795,0.4808042722,0.4590969916,0.4392109913,0.4413146477,0.3931554939,0.3452520327,0.3590936599,0.390507695,0.3519752148,0.3157510868,0.3306811826,0.3373653304,0.3083624965,0.3145749511,0.2879485763,0.2653389094,0.2435616672,0.2699762054
CO2,BHR,Bahrain,0.6261604361,0.5428700329,0.5989439645,0.5740068454,0.5861132003,0.5732188851,0.570546855,0.5697013776,0.5762454653,0.5554037344,0.5410805457,0.5468068417,0.5525898334,0.5379479132,0.5034821243,0.5532557972,0.5658866801,0.5308213724,0.5347514402,0.521251028,0.5209113736,0.5137199421,0.516024223,0.5204835425,0.5171991895,0.5072056694,0.4899534579,0.4737252917,0.4676974638,0.4941637923,0.5158721253,0.5188357345
CO2,BHS,Bahamas,0.2900893203,0.287113222,0.2697807305,0.2645624704,0.2743308612,0.2971332232,0.3232345442,0.2810093119,0.3273056496,0.2728440861,0.2816294588,0.2779051043,0.2692564069,0.220443479,0.2411857709,0.2160320974,0.2318975293,0.2583955881,0.2576968498,0.2275048982,0.2480037313,0.2538278193,0.2991599261,0.2992197814,0.2889990754,0.2701025561,0.2806859626,0.2822458887,0.3192811644,0.3094152904,0.3350215175,0.3280667369
CO2,BIH,Bosnia and Herzegovina,3.003468872,3.151174495,2.509738813,2.145358557,0.5195598186,0.4570647141,0.3014278454,0.4409564004,0.4824454354,0.4340485229,0.5035754257,0.4853476055,0.4859507875,0.4791573075,0.4755593707,0.4807132532,0.5056780153,0.5039919243,0.5245903238,0.5409286481,0.5494867112,0.6187657903,0.5760477911,0.5605901487,0.4967414309,0.4825258143,0.5272081474,0.521485537,0.5047770068,0.4630971647,0.4734300743,0.3012325071
CO2,BLR,Belarus,1.20251208,1.169777273,1.16854576,1.089016449,1.044017556,1.041817397,1.029470487,0.9330343232,0.8372641603,0.778275992,0.7082606294,0.6630388334,0.6351151389,0.6009795041,0.5721172263,0.5312101677,0.5018487956,0.4517826535,0.4309992758,0.4093081971,0.4066267053,0.3682250359,0.3696354815,0.365138114,0.355700457,0.3442937476,0.3537431701,0.3517057887,0.3589208296,0.3416002555,0.3172147393,0.3163678631
CO2,BLZ,Belize,0.3658192553,0.3950778469,0.3080504735,0.2705814402,0.2527123578,0.277512142,0.2306338923,0.3550403336,0.3446098775,0.3450141271,0.3123375594,0.3068596901,0.2842807494,0.3399838194,0.3079458206,0.3099011111,0.3061417736,0.2859680368,0.2601569135,0.2963212956,0.3180244085,0.316836954,0.3364804342,0.3569517247,0.3329328165,0.3585503964,0.3568140879,0.2967878908,0.2598350053,0.2386954309,0.2402150049,0.248926742
CO2,BMU,Bermuda,0.1686763855,0.1657280597,0.1374089493,0.1424618903,0.1353502714,0.1274326453,0.1286191133,0.1163502848,0.1131122562,0.1156163825,0.105802107,0.09921646474,0.1073500335,0.1305985549,0.1302443681,0.1292890347,0.1328884505,0.1421199068,0.1384198493,0.1335174466,0.1613283803,0.1392317076,0.1678505155,0.1636917967,0.2134599043,0.176880562,0.2155277829,0.1539849133,0.1735870583,0.1708890731,0.1514431972,0.165514154
CO2,BOL,Bolivia,0.2093512564,0.208422331,0.2207936978,0.2522030832,0.259795502,0.223911884,0.2071711951,0.2177712716,0.1958929218,0.1853456024,0.1803076866,0.1739585942,0.1752485192,0.1871078776,0.1870670723,0.1896253135,0.202190873,0.2083631605,0.212923966,0.2201759462,0.2288228953,0.2382508113,0.2374602272,0.2379731186,0.2449184892,0.2375822518,0.2430726337,0.2417601861,0.2367914362,0.2253212887,0.2209329342,0.2305844233
CO2,BRA,Brazil,0.1458276548,0.1489430422,0.151940991,0.1515678019,0.1479324385,0.1527991118,0.1620200816,0.1673328154,0.1719041287,0.175894935,0.1798815448,0.1778571139,0.1725180107,0.1707346589,0.1687258633,0.1647472225,0.1598030097,0.1572555085,0.1569940037,0.1468995273,0.1547416681,0.1553448528,0.1642453032,0.1677264243,0.1751539711,0.1713977493,0.1656470696,0.1670091345,0.1562681726,0.1537495699,0.1476432268,0.1566279747
CO2,BRB,Barbados,0.3748619768,0.402602405,0.4477862257,0.4071347798,0.3760985057,0.368228058,0.3548499748,0.3702766758,0.3780892333,0.4094380592,0.3899889044,0.3964401515,0.3921305685,0.4420434594,0.4401361611,0.4133636223,0.3800051595,0.3537678591,0.3959165312,0.4273515547,0.4459755619,0.5379569394,0.5378790308,0.5643669306,0.5002362054,0.5006989235,0.4916140368,0.3817404653,0.4328952206,0.4301651135,0.4158502465,0.4549790368
CO2,BRN,Brunei,0.1814017383,0.1950742734,0.1960322886,0.2036707329,0.2118258157,0.2183119125,0.2225545923,0.2515405639,0.2153202542,0.2054427789,0.2125972924,0.2064136024,0.1952465227,0.2258433557,0.2076021154,0.2031072496,0.2894134211,0.2739934181,0.3079019538,0.3116633047,0.2786818626,0.2750486903,0.2712702666,0.2736371043,0.27423822,0.2487921778,0.2780802149,0.2874900969,0.297731873,0.2730290557,0.264635478,0.2691977341
CO2,BTN,Bhutan,0.1195714011,0.1226837342,0.1172301952,0.1168623886,0.1377608296,0.1703245212,0.1768307361,0.1933782439,0.2009688993,0.2163686776,0.1754013344,0.1737409702,0.1689336085,0.161550229,0.1551167093,0.1558099564,0.1476712551,0.1273239528,0.1302188747,0.1678427101,0.1647300713,0.1858721242,0.1690456504,0.1697957199,0.1630333106,0.1769110151,0.1773773931,0.1814672843,0.1989037756,0.2092263818,0.2180975925,0.2519953961
CO2,BWA,Botswana,0.2606284924,0.2399069773,0.2835702924,0.2744394754,0.2539700323,0.246832318,0.2103093155,0.2072682734,0.245522196,0.235899826,0.2396421134,0.2317091215,0.2282827972,0.2132444502,0.2089042791,0.2144070319,0.1888881752,0.1835053666,0.1752173912,0.1799443906,0.1345187392,0.1486641054,0.1226367475,0.1724644908,0.2126146319,0.2243162241,0.200032043,0.2123308133,0.203492558,0.1952305297,0.1943927223,0.1822234027
CO2,CAF,Central African Republic,0.05882081306,0.07414821666,0.06660215383,0.07212484177,0.07216507886,0.06923625399,0.07771155566,0.07568422657,0.0736662106,0.07297580356,0.07916872126,0.07822821796,0.07543076683,0.07523262234,0.07016063789,0.0687550088,0.06875891222,0.06552724943,0.04858702551,0.04332253851,0.04254854258,0.04105775835,0.03939887467,0.04249001889,0.04559704302,0.06103807683,0.06145638001,0.06314351354,0.06245970733,0.06270475361,0.05703292866,0.0603711756
CO2,CAN,Canada,0.4938393327,0.4973806305,0.5071346229,0.4925859883,0.489640344,0.4897356058,0.4956247755,0.4991404057,0.4926385315,0.4825964828,0.477533839,0.4632845438,0.4639911688,0.4627033691,0.4397010464,0.4263310673,0.4039343611,0.3993134506,0.3816942089,0.3706786592,0.3700809874,0.3668257113,0.3589984432,0.3563523764,0.3500425931,0.345766361,0.3416757254,0.3376324231,0.3352729848,0.3291073254,0.3130172379,0.3075907541
CO2,CHE,Switzerland and Liechtenstein,0.1188593808,0.1261523837,0.1260468728,0.1199806995,0.1159924925,0.1175341645,0.1183824192,0.1124834026,0.112764291,0.1114740908,0.1053032071,0.1069787689,0.1032157139,0.1062696598,0.1045598973,0.1029766051,0.09808425181,0.09038228365,0.09066272291,0.08981145237,0.09024905398,0.08078302828,0.08226642866,0.08268423271,0.0744138094,0.07163437915,0.07114567485,0.0683702193,0.06438064265,0.06340922703,0.05763943743,0.05696050694
CO2,CHL,Chile,0.2550538292,0.2255102525,0.2105395177,0.2089776356,0.2171785103,0.2183147517,0.2348999747,0.248969158,0.2410262447,0.2531445408,0.2257561284,0.2103732452,0.2057171264,0.2038517798,0.2063902469,0.1976675271,0.1899888265,0.2030681514,0.2059410344,0.1992771441,0.199673281,0.205178213,0.1986600469,0.2021398338,0.1833493874,0.1922872041,0.199099895,0.1981405795,0.1899419983,0.198964328,0.1879468007,0.1727594226
CO2,CHN,China,1.50065879,1.450537453,1.336129472,1.270988769,1.194024824,1.185358602,1.069479839,1.001619569,0.9507811951,0.8658845326,0.8497318932,0.8214093983,0.8118284929,0.8558892305,0.8969321725,0.9113648926,0.8980529795,0.8568910644,0.8034207595,0.7903216571,0.7820272597,0.7799866669,0.7465555286,0.712313592,0.6703223547,0.618953306,0.5804881234,0.5549713803,0.5416691861,0.5233304984,0.5195651298,0.5014337148
CO2,CIV,Côte d’Ivoire,0.05948471029,0.06131315974,0.06126353347,0.06508402044,0.06745068871,0.06880104723,0.0796550229,0.08826289542,0.08210678509,0.1081177934,0.1036284723,0.106311289,0.1156333716,0.09619240566,0.09622762552,0.1018116074,0.09717429501,0.09626716184,0.10238057,0.09166714357,0.09718410014,0.1006331268,0.1188571202,0.1151221296,0.113227153,0.1130876151,0.1071357374,0.1078288766,0.099765873,0.1001886647,0.09982385387,0.09943166449
CO2,CMR,Cameroon,0.1208349701,0.1197821864,0.1189019676,0.140959854,0.1495353023,0.1455195143,0.1431893535,0.1379564471,0.1370823272,0.1263334914,0.1305491032,0.1245242584,0.1175315792,0.1136900841,0.1044065369,0.09935477424,0.0965880985,0.1090727586,0.1117965124,0.1183887358,0.1172845631,0.1080540224,0.1048677592,0.1105790942,0.113635876,0.1112932912,0.1133497115,0.1112889029,0.1122820651,0.1078512849,0.1007555556,0.1012962815
CO2,COD,Democratic Republic of the Congo,0.05464876165,0.03415283005,0.03304110371,0.03695631514,0.0597796461,0.05553206851,0.06185349622,0.06573559031,0.06659369639,0.06440096579,0.05562727005,0.05537606119,0.0564012651,0.06422479438,0.05764678614,0.06067344955,0.05920073191,0.06133569902,0.05924061086,0.05596838895,0.05460224345,0.05812258645,0.0487119637,0.0618378168,0.07213975719,0.04395290249,0.03344502652,0.03720850859,0.03429586547,0.03533936791,0.03324626747,0.03287859882
CO2,COG,Congo,0.201203383,0.2004761409,0.190672621,0.1902114143,0.1843582129,0.2253594302,0.2599471209,0.2695068556,0.3088102281,0.3282729565,0.3300898472,0.3099829624,0.1932364111,0.2385291554,0.2340012942,0.2596092648,0.2674366922,0.2534667411,0.2478127816,0.2462131031,0.2410993936,0.2163242516,0.1816706816,0.222500955,0.202418953,0.227739063,0.2495075809,0.2569584414,0.3160401596,0.3547228731,0.386294734,0.3957727032
CO2,COK,Cook Islands,,,,,,,,,,,,,,,,,,,,,,,,,,,,,,,,
CO2,COL,Colombia,0.190592637,0.1927750709,0.1922941561,0.1930382937,0.1811095705,0.1801562861,0.1742680148,0.182863165,0.1848529054,0.1684369973,0.1716962451,0.1679435605,0.1574737843,0.1502931836,0.1429929525,0.1402788121,0.1289466325,0.1242054227,0.1210836506,0.1246342948,0.1225398607,0.1235178526,0.1195748692,0.1254119302,0.123160613,0.1211827829,0.1230001708,0.110607636,0.1130245113,0.1137469908,0.1071145902,0.1028961929
CO2,COM,Comoros,0.03774468418,0.04601838424,0.03735640332,0.03543816748,0.03742727122,0.03713959431,0.03872930484,0.03821695856,0.04767254974,0.04807118185,0.06691406046,0.0681789376,0.06729946744,0.08507111767,0.09145354379,0.08630515893,0.09907581732,0.06493580722,0.06221133381,0.0742505562,0.08480453626,0.06786864626,0.06738547288,0.07691439539,0.06639660275,0.07171244318,0.07973725839,0.1020751081,0.1064056879,0.1141434607,0.1003798545,0.1047323926
CO2,CPV,Cabo Verde,0.1097471103,0.1296412351,0.1201325439,0.1078386926,0.106291802,0.09326849557,0.09939944487,0.09173779095,0.08312396922,0.07676700336,0.1828729108,0.200809876,0.2071958244,0.1987406181,0.1972046503,0.2881862301,0.2872521457,0.2813152276,0.2555641968,0.2504763804,0.263991943,0.2718338011,0.2289066418,0.2208523009,0.2309391929,0.2302066305,0.2251613695,0.2387065751,0.2275481329,0.2181890534,0.2521551504,0.2546318564
CO2,CRI,Costa Rica,0.09455549502,0.1002652378,0.1233031148,0.1157531203,0.1288690492,0.1238158421,0.1167575386,0.108286182,0.1126000438,0.1075257522,0.1028372673,0.10744356,0.105791086,0.1093079276,0.1062965734,0.1046706525,0.1071290161,0.1092697191,0.1033448224,0.1005113744,0.0944843975,0.09493752982,0.09034588683,0.09154868753,0.08965960153,0.08345288592,0.08549616371,0.08392603473,0.08322287838,0.08002504059,0.07141086804,0.07404869973
CO2,CUB,Cuba,0.3870109633,0.3265760499,0.2867273343,0.3010495333,0.3019856981,0.3063760985,0.3021017754,0.3161585481,0.2991985941,0.2927988487,0.2737918127,0.2497067345,0.231471952,0.2123838152,0.1919149416,0.1728156909,0.1526089422,0.1432285168,0.1307023097,0.1290073548,0.1302929503,0.1222040782,0.1212396935,0.1166348693,0.1048830593,0.1087704722,0.09958542416,0.0929729136,0.09013787313,0.08292308688,0.06682422982,0.07534080301
CO2,CYM,Cayman Islands,0.1318942341,0.1416060358,0.161941056,0.1261927794,0.1563836676,0.1523653639,0.1538413866,0.1285158239,0.118485617,0.1285369904,0.1545697768,0.1609144792,0.1810193864,0.2052431846,0.2110672631,0.1720026257,0.1564202643,0.1715386543,0.1741704791,0.1913115453,0.2062093197,0.2443522521,0.2391804469,0.2336387688,0.2343829785,0.2308847196,0.2212379836,0.1788503166,0.1692905955,0.1956152088,0.1711434229,0.1841376563
CO2,CYP,Cyprus,0.3054728357,0.3412625229,0.3286692135,0.3374128501,0.3297135981,0.2982484844,0.3101960292,0.3064337534,0.3113921817,0.3077218946,0.3046563321,0.2875781287,0.2845729028,0.3070807448,0.2888953836,0.2818432472,0.2709065536,0.2695157439,0.2662930278,0.26408248,0.2497958174,0.2387980798,0.2297302944,0.225023984,0.2427611382,0.2337725983,0.2334510109,0.2248580063,0.2084113111,0.1981645924,0.1848605751,0.1838452293
CO2,CZE,Czechia,0.668586937,0.6828575435,0.6577019548,0.6466146901,0.6026570069,0.5680969019,0.5498125106,0.5406174706,0.5188856207,0.4828678243,0.5091229626,0.4948871389,0.4679932618,0.4670646138,0.4498250882,0.4094445061,0.3871355787,0.3740967119,0.3493986594,0.3428187474,0.3387564004,0.3250115741,0.317950207,0.3041713548,0.2886826858,0.2775807695,0.2761957819,0.2635941864,0.252519098,0.2337088188,0.2242241366,0.2294506474
CO2,DEU,Germany,0.3495797553,0.3254405345,0.3021988204,0.3023781141,0.29175031,0.2858020168,0.2918692283,0.2770216668,0.2696601648,0.2548628741,0.2488980927,0.2490605081,0.2450128551,0.2473738216,0.2400229147,0.2327297344,0.228006108,0.2135274218,0.2127559031,0.2090645125,0.2128695373,0.1982179148,0.2004609533,0.2040467533,0.1900037983,0.1887075358,0.1855434154,0.1773255451,0.1699348253,0.1565697685,0.1471095521,0.1513337398
CO2,DJI,Djibouti,0.5799696424,0.7348518921,0.5085463766,0.408286538,0.5722582334,0.4900872289,0.5789348988,0.5598328562,0.5735021434,0.5561742801,0.3154575691,0.3205727782,0.3278643696,0.3172457125,0.3004000421,0.2725330063,0.223283241,0.2198256136,0.211585137,0.2544329479,0.3155734863,0.2007915873,0.2373116279,0.2402369964,0.2252958418,0.190943591,0.1592043434,0.1407468002,0.1405579304,0.1256713639,0.1107297607,0.1126227714
CO2,DMA,Dominica,0.1044051949,0.1086456224,0.1121585783,0.133498381,0.1734782693,0.1940695751,0.1988433222,0.1846222024,0.1518587772,0.2024677724,0.2449812621,0.2558305622,0.2886689993,0.4720351978,0.4709579367,0.4601375772,0.4598844181,0.4688786953,0.4181094032,0.4350184511,0.4437517767,0.4892262209,0.499654098,0.4644102348,0.4826003242,0.4887393076,0.4881982164,0.2416041295,0.2594167593,0.2378746345,0.2369685327,0.24691632
CO2,DNK,Denmark,0.2668137684,0.3154044914,0.2816839418,0.2922361151,0.2965072442,0.2742511935,0.3243378077,0.2733026318,0.2498761041,0.2309685592,0.2068074961,0.2108674301,0.20828018,0.2276309964,0.2010529242,0.1841956743,0.2045673605,0.1862098527,0.1761854893,0.1771529348,0.1743163389,0.15427883,0.1369503601,0.1419188038,0.1269706612,0.1170499782,0.1169085664,0.1068855998,0.1049541378,0.09232589493,0.07976014062,0.08005034593
CO2,DOM,Dominican Republic,0.1817930071,0.1886013404,0.1967656798,0.1810438683,0.2061773524,0.2073906718,0.2108814743,0.2201198088,0.2357896893,0.2412900637,0.2407858125,0.2367925867,0.2486391673,0.2252361896,0.2037314864,0.2011100391,0.2009988094,0.1893855084,0.1828552029,0.1734921256,0.168394875,0.1656434713,0.1669733631,0.1562544553,0.1473292615,0.151509447,0.1478975353,0.1354010306,0.1362347996,0.1396825764,0.1357644068,0.1338915326
CO2,DZA,Algeria,0.3018413457,0.3239877236,0.3531192319,0.3618439339,0.353598202,0.3519823482,0.3334571788,0.3233699749,0.3082807701,0.3111260925,0.3096786661,0.2949169693,0.294607487,0.2952498146,0.2820350891,0.2831690552,0.2920456187,0.2895458645,0.2956730155,0.299950295,0.2955276197,0.3027773613,0.3274910112,0.3282720818,0.3394943769,0.3475021819,0.3325390244,0.3351202663,0.3536740542,0.3586756707,0.3588893786,0.3538775492
CO2,ECU,Ecuador,0.2072638058,0.1991087152,0.2053415316,0.1963840754,0.197457928,0.2119135427,0.2399990649,0.2396067588,0.2278330503,0.2116364999,0.212769482,0.2253763397,0.2165181687,0.2154330605,0.2100835653,0.2152878541,0.2205135204,0.2199985369,0.2141379433,0.2318258303,0.2413584755,0.2257871836,0.2147307743,0.2176317873,0.2208076506,0.2193285179,0.21543672,0.2038369308,0.2090582928,0.2058263554,0.1868235657,0.2166669748
CO2,EGY,Egypt,0.2664913241,0.2696325904,0.2682065735,0.2614854644,0.239749861,0.2447736823,0.2499932315,0.2523825842,0.2512182543,0.2557511265,0.2386299944,0.2545589306,0.2552876878,0.2526000585,0.2630143563,0.2800807179,0.2782553472,0.2780208082,0.2596295588,0.2581726625,0.2482550832,0.2528907765,0.2632844811,0.252945967,0.2505150402,0.2464697066,0.2427814438,0.2527943566,0.2509719977,0.2271887076,0.1989211251,0.2052028362
CO2,ERI,Eritrea,0.08347484065,0.1075606791,0.1435979048,0.1760168598,0.1605670283,0.1667439368,0.1647947335,0.1424848259,0.1049640379,0.1099374988,0.1095284191,0.1080175857,0.1013654393,0.09904079174,0.09394043096,0.07823170974,0.06695527047,0.06295388891,0.05967512003,0.05972057521,0.06168749649,0.06393250141,0.06259495857,0.05982839122,0.05801551052,0.05625318752,0.05648277229,0.05775074279,0.06372022069,0.06182615008,0.05236499372,0.05398503073
CO2,ESH,Western Sahara,,,,,,,,,,,,,,,,,,,,,,,,,,,,,,,,
CO2,ESP,Spain and Andorra,0.2168182842,0.2183184177,0.2242276911,0.2129412932,0.2170465443,0.2219316041,0.2088852071,0.2175937578,0.2151853951,0.2224189925,0.2229152001,0.2147438968,0.2205962262,0.2196879543,0.2229854251,0.2241929014,0.21021806,0.2103467755,0.1908598916,0.1754043094,0.1676005447,0.1700658959,0.1715791538,0.157883875,0.1540997094,0.1576718995,0.1479912626,0.152485193,0.1456385797,0.1335289616,0.1238825066,0.1286236755
CO2,EST,Estonia,1.421014891,1.38845737,1.344771534,1.106176372,1.127079915,1.013703869,1.013879621,0.8803421685,0.7988186635,0.7486827849,0.6834742871,0.6666377165,0.5945882857,0.6246070108,0.5980532406,0.5560431115,0.4770836678,0.5342324956,0.5282126526,0.5300956132,0.637574229,0.5767288094,0.5313388332,0.5902778777,0.5440773893,0.4870806834,0.4784407832,0.4740486996,0.4663995948,0.3114810658,0.2957184159,0.2934917551
CO2,ETH,Ethiopia,0.05709131621,0.06072252422,0.05110064888,0.05842020525,0.06547760314,0.07004147994,0.07046121758,0.07170161177,0.07892949194,0.0739909854,0.07765281048,0.08897055143,0.09010229891,0.09911897269,0.09449438941,0.08079649593,0.07776490848,0.07637633031,0.07477196153,0.06919908521,0.06131154201,0.06422958241,0.06648958495,0.06934633432,0.07828011618,0.07466193169,0.08084884815,0.07839210356,0.07987484184,0.0794937241,0.06882855298,0.06886257087
CO2,FIN,Finland,0.3487309534,0.3734179257,0.3660751537,0.3778837226,0.407069706,0.3693406744,0.3925036938,0.3574367307,0.3215635827,0.3046461635,0.2802474767,0.3017604742,0.3064807376,0.3380159014,0.3086910418,0.2481936596,0.2860813856,0.2640070313,0.229803251,0.2390157204,0.2676842372,0.2304415879,0.2100754905,0.2170334606,0.2013418004,0.1864843086,0.192524877,0.1754730639,0.1802273284,0.1632800824,0.1459362932,0.1437816924
CO2,FJI,Fiji,0.1627438469,0.1433413428,0.1413599653,0.1440340969,0.1452258434,0.1484583969,0.1497172804,0.1644509465,0.1630638754,0.1582280443,0.2021049786,0.2093516548,0.1654952179,0.1920563604,0.2380001648,0.2035964038,0.2143922276,0.1885097537,0.1469331509,0.1296309316,0.1894972157,0.1380717547,0.1307603731,0.1346284221,0.1414350617,0.1405408716,0.1309293926,0.1315243597,0.1309736065,0.1364709378,0.1616916238,0.1746861133
CO2,FLK,Falkland Islands,,,,,,,,,,,,,,,,,,,,,,,,,,,,,,,,
CO2,FRA,France and Monaco,0.1961145045,0.2061434384,0.1972847006,0.1885665577,0.1815281343,0.182021074,0.1864623685,0.1785486577,0.1821127442,0.1733634122,0.1660000011,0.1643727169,0.1603189179,0.1607407532,0.1563756178,0.1549571567,0.1474418296,0.1413089619,0.1385291845,0.1378834822,0.13801791,0.1305495027,0.1308425277,0.1283719387,0.1156359767,0.1160627188,0.1158267063,0.1144392852,0.1087728213,0.1044973462,0.09793263046,0.09911963582
CO2,FRO,Faroes,,,,,,,,,,,,,,,,,,,,,,,,,,,,,,,,
CO2,GAB,Gabon,0.3575512257,0.2693886116,0.2801335637,0.2754922045,0.2636787727,0.2822755257,0.3042103524,0.2748289297,0.3039888284,0.3177947898,0.3246337837,0.324460906,0.3123195843,0.3464876373,0.3105240973,0.2917792724,0.2681010513,0.2293686541,0.2529660916,0.2490838305,0.2544802498,0.2322487303,0.2233288303,0.2181530824,0.2156417504,0.2133233365,0.2191043146,0.183230396,0.173329951,0.1719231193,0.1729238539,0.1706257998
CO2,GBR,United Kingdom,0.3289965615,0.3372925329,0.3283096095,0.3115401904,0.2975681607,0.2861389432,0.2883949108,0.2633445393,0.2563153298,0.2470199736,0.2408578835,0.2417164889,0.2301485482,0.2292603907,0.2239813507,0.2174700357,0.2122397113,0.2036914998,0.1983410645,0.1877678042,0.1897640731,0.172453461,0.1782933551,0.1701657278,0.1519379418,0.1429946511,0.1329092775,0.1257356768,0.121797158,0.1161278209,0.1110282703,0.1086656591
CO2,GEO,Georgia,0.6498380073,0.6334919889,0.9045666745,1.025679161,0.7415473017,0.5704319639,0.4089647528,0.326013468,0.2836894911,0.2567375408,0.2680490414,0.1870841662,0.1556868571,0.1521711713,0.1570004235,0.174618746,0.1750119489,0.1826396983,0.1565025581,0.1838450013,0.1690155504,0.1899284063,0.1943534212,0.2025358064,0.2094980998,0.2191597838,0.2226613234,0.2150038036,0.2034905202,0.2092310347,0.2162440579,0.2030239324
CO2,GHA,Ghana,0.08944690688,0.07882493393,0.08935509078,0.08790706142,0.09053636753,0.09339912237,0.09685234249,0.09776668635,0.1264456158,0.1321208566,0.1131401112,0.1175124336,0.1324990553,0.1183440597,0.1047613467,0.1045475214,0.1190961681,0.1205037933,0.1048579823,0.1147940332,0.1190241736,0.1125824891,0.1242395495,0.123077773,0.1152966324,0.1189295078,0.1193850602,0.1163054778,0.1222923492,0.1246178907,0.1274215154,0.1324451031
CO2,GIB,Gibraltar,0.4078552707,0.5666901089,0.6576689304,0.6286569857,0.7030180236,0.6521279911,0.6344897617,0.6066941703,0.6051502623,0.6037404895,0.5944930407,0.573956563,0.5612335958,0.5402852809,0.558398197,0.5460816613,0.5360732998,0.5016636725,0.5084221694,0.5773360282,0.5679945202,0.5322903511,0.527496672,0.5356249276,0.5536454098,0.5871252765,0.5612620821,0.5396040581,0.5277747004,0.5104937465,0.2223982541,0.2284874573
CO2,GIN,Guinea,0.1185953729,0.107777758,0.09637089258,0.0945616487,0.09262449773,0.0902828295,0.08889567325,0.08737553847,0.08719299561,0.08656967642,0.1180179425,0.1193218567,0.1195747479,0.1243758029,0.1259121314,0.1181695972,0.1224031869,0.1190739383,0.1209642145,0.1288300809,0.1422692192,0.131609469,0.1167098199,0.1010661606,0.1013246084,0.1163748914,0.1157319505,0.1088416157,0.1025711813,0.09932236781,0.09393704093,0.09728936335
CO2,GLP,Guadeloupe,,,,,,,,,,,,,,,,,,,,,,,,,,,,,,,,
CO2,GMB,The Gambia,0.06943506533,0.08011948774,0.06839554145,0.06960470599,0.07986078673,0.07576358747,0.07630067271,0.07462936656,0.07843981119,0.07559785224,0.1025007685,0.1050502879,0.1101379657,0.104359047,0.1027939465,0.1071047525,0.1180477289,0.1199841541,0.1141283823,0.1176750938,0.1138354429,0.120116687,0.1085444573,0.1053656217,0.1150858066,0.1146371288,0.1108789284,0.1106768754,0.1031416048,0.1003740366,0.09910031941,0.1012142153
CO2,GNB,Guinea-Bissau,0.1054854333,0.1201325259,0.1102272634,0.1160445284,0.1124639081,0.1108363449,0.09752970991,0.09845807638,0.1395602769,0.1418474383,0.1118470047,0.1115218881,0.1161500273,0.1357312169,0.1373027822,0.1348231538,0.1369098891,0.1400658049,0.1289509723,0.1310251637,0.1282423858,0.1110518091,0.1127238563,0.1116460724,0.1138409292,0.1122803115,0.1079637328,0.08498435081,0.08358352112,0.08107599658,0.08187757852,0.08503786622
CO2,GNQ,Equatorial Guinea,0.1508387191,0.1596819609,0.1185805729,0.09741206677,1.585831844,1.433002247,0.9365153041,0.5185362121,0.5013383743,0.4385905827,0.4422154188,0.3734026243,0.4033369864,0.3878807145,0.3369710582,0.3768870715,0.3909194279,0.311742413,0.2989681378,0.2922416178,0.3279333344,0.3244296793,0.2889568322,0.28381231,0.2472074406,0.2302715303,0.255009923,0.2394673283,0.2799183647,0.2597241006,0.2757829184,0.292750096
CO2,GRC,Greece,0.3196955638,0.3102260082,0.3161685242,0.3193250947,0.3189657516,0.3239664191,0.314570163,0.304632193,0.3051195354,0.2969427168,0.3084200675,0.3024238958,0.2910960446,0.2855626848,0.2710571696,0.2752833157,0.2572474015,0.2578411509,0.2488332682,0.2452186526,0.2402458123,0.2586980133,0.2636410542,0.2459510095,0.2358587539,0.2307503898,0.2281698436,0.2263586644,0.216968471,0.1972821177,0.1802613411,0.1700620984
CO2,GRD,Grenada,0.1568241479,0.1631571953,0.1781801331,0.1958290529,0.2168857028,0.1866141053,0.1936792967,0.2316176526,0.1852021764,0.1840686082,0.1918166459,0.2014749608,0.2201230665,0.3085088472,0.3007538194,0.2688081044,0.2923126408,0.285060697,0.2855236448,0.3190905563,0.337684164,0.3819837878,0.4023843902,0.4122384582,0.3569978177,0.3309588226,0.3277637865,0.200628381,0.201886912,0.1979443311,0.1896214119,0.2004141656
CO2,GRL,Greenland,0.00001904696013,0.00001923551642,0.00002040831687,0.00002161994371,0.00002051852455,0.00001989509004,0.00001972537144,0.00001954853743,0.00001827820651,0.00001817900505,0.00001714547496,0.00001707497298,0.00001740081111,0.00001763756846,0.003000239175,0.002887416486,0.00280433163,0.002699068271,0.002619563689,0.002252841617,0.002577610038,0.002753894518,0.002144386722,0.002139527783,0.001847171294,0.002039058491,0.001934520467,0.001886367625,0.00183367829,0.001776540329,0.001670796707,0.001707307802
CO2,GTM,Guatemala,0.07775185767,0.07926138658,0.08861691982,0.09465380822,0.09826402856,0.108762397,0.103795828,0.1044280763,0.1239165383,0.1192105615,0.1284682302,0.1317305466,0.1338492922,0.1296301143,0.1279589624,0.1336326094,0.1290718898,0.1293965959,0.1140218375,0.1194318118,0.1126250506,0.1114620527,0.1125036309,0.1175137856,0.1204446351,0.1348385723,0.1390662402,0.1283835252,0.1367729115,0.1387260898,0.1231605263,0.1327069862
CO2,GUF,French Guiana,,,,,,,,,,,,,,,,,,,,,,,,,,,,,,,,
CO2,GUY,Guyana,0.3268608736,0.3013096201,0.2640668746,0.2454601298,0.2935512933,0.3029055631,0.289562356,0.297333475,0.3068778038,0.2961794608,0.2869859213,0.277827534,0.2712558725,0.2723070958,0.2769985796,0.250700729,0.2147013343,0.2403715438,0.2363895048,0.2309421174,0.2401646662,0.2373365035,0.245993803,0.2343344787,0.2406692864,0.2401215776,0.2739559568,0.2653466912,0.2655801581,0.2777363289,0.1828479999,0.1645924853
CO2,HKG,Hong Kong,0.2135180618,0.2204977934,0.2314456772,0.2226370139,0.1787583378,0.1771270898,0.1588021738,0.1462979842,0.1926464321,0.2010948574,0.1716427091,0.1706199048,0.1642852285,0.1733422785,0.1458475878,0.1433944102,0.1323913787,0.1305675723,0.1241251091,0.1333956963,0.1168417658,0.1192532765,0.115855349,0.1162467995,0.1164836372,0.1058423374,0.1055372774,0.09954459331,0.09661876289,0.09704763025,0.07843560623,0.07458955288
CO2,HND,Honduras,0.1200878669,0.1253428702,0.1327249906,0.1307827992,0.1486597418,0.1659892116,0.1724414373,0.1697584511,0.1899393333,0.1941446649,0.1874296368,0.2143282365,0.2172381983,0.229830895,0.245972013,0.2103798705,0.2264984954,0.2265309517,0.2173142851,0.2100881504,0.2040104607,0.2106277763,0.2102584885,0.2091602982,0.2056406735,0.2067739633,0.1904991711,0.1801408447,0.1858062543,0.183188895,0.171187737,0.1702531837
CO2,HRV,Croatia,0.295332089,0.2522237263,0.2484131552,0.2779676778,0.2538445452,0.2450385076,0.229614871,0.2393777271,0.2485413219,0.2515959298,0.2390450705,0.244750759,0.2426138734,0.2453703994,0.2380009187,0.2307180168,0.2235422838,0.2276171956,0.2125682399,0.2084792433,0.2038653987,0.1988609901,0.187325529,0.1843824068,0.1777845905,0.1763943876,0.1732444281,0.1722277587,0.1585784519,0.1550417008,0.15682408,0.1486859086
CO2,HTI,Haiti,0.04600093562,0.04411491588,0.04341554493,0.03886644514,0.02096873649,0.05148368149,0.05613586256,0.06387117762,0.0639862689,0.06513349575,0.06831981851,0.0698738299,0.07805257252,0.07488602682,0.07016575877,0.06954875591,0.0691783022,0.07779877204,0.07507294373,0.06959005304,0.09015980319,0.09717580712,0.08556552591,0.08860878913,0.0989165904,0.1040668834,0.1046944427,0.1012341791,0.09873654756,0.1014051819,0.0877888854,0.09872484
CO2,HUN,Hungary,0.3660780487,0.4015501728,0.3732745509,0.3798498675,0.3677487999,0.3581668976,0.364675886,0.346584548,0.3324143585,0.3243462996,0.2945095198,0.2899455385,0.2725673059,0.2735780849,0.2529721526,0.2437617008,0.2330458452,0.2272779315,0.2208581216,0.2111867471,0.212120709,0.2046552275,0.1923289156,0.1776648144,0.1710681171,0.1750776675,0.17377577,0.1758285122,0.1669324756,0.1601129802,0.1625533838,0.1557547675
CO2,IDN,Indonesia,0.1963286924,0.1984177879,0.1947389739,0.2002593926,0.197721175,0.2036637413,0.2003959648,0.2098586515,0.2435099336,0.255683213,0.2468470661,0.2548014267,0.2490552456,0.2593104444,0.2512398368,0.2384290752,0.2403470706,0.235666626,0.2197622759,0.2182097134,0.2180262737,0.2343461369,0.224008967,0.1977519237,0.2025582019,0.1956475696,0.183706383,0.187203742,0.1980329398,0.2025433458,0.1888808062,0.185630182
CO2,IND,India,0.3789543051,0.4034228272,0.3961623316,0.3950643646,0.3939648811,0.3922210825,0.3817783203,0.385774824,0.3722627844,0.3656482052,0.3651574187,0.3539400232,0.3539248515,0.3380930554,0.3378768676,0.3262886567,0.3222930702,0.3260504985,0.3362497062,0.3406408705,0.3330820044,0.336056431,0.3484174878,0.337452996,0.338198571,0.3154672212,0.2965938613,0.2936795985,0.2901241515,0.2804745878,0.280681825,0.284769268
CO2,IRL,Ireland,0.3536677522,0.3522767233,0.3392253058,0.3337510528,0.3264494891,0.3039809198,0.2933573287,0.2731434575,0.2666341054,0.2501346738,0.2426997831,0.2418986517,0.2226662233,0.2143239879,0.2023637064,0.1999507489,0.1928119011,0.1800591704,0.185795085,0.1749308065,0.1708064611,0.1544450046,0.1558184167,0.1493305305,0.1365540939,0.1141105777,0.1161338213,0.1036267488,0.09506358143,0.08606970751,0.07273137482,0.06816459409
CO2,IRN,Iran,0.3887872936,0.3799250314,0.3932567574,0.3972117481,0.4616076514,0.4581209712,0.4495986611,0.463494212,0.4522795342,0.489035521,0.4881299909,0.4951981719,0.4785236391,0.4649310898,0.4778829722,0.5002357395,0.5143466591,0.505931443,0.5166109875,0.5314829483,0.5054958189,0.500685024,0.5261461737,0.5526325661,0.5468815501,0.5492039615,0.5154885881,0.5190539128,0.5413876525,0.5420367826,0.5494038062,0.5435404531
CO2,IRQ,Iraq,0.527008157,1.152778893,1.209204233,1.226220831,1.295792557,1.259236949,1.04641551,1.03781936,0.5983545492,0.4008322496,0.409933801,0.4567330206,0.4700882977,0.6475495376,0.4598857799,0.4368336796,0.4023604011,0.3649362164,0.3886615161,0.4015364506,0.4353715447,0.420980386,0.4241447196,0.4239257465,0.4079330717,0.3875466058,0.3678181445,0.4078708983,0.4184350231,0.4245622682,0.4366941242,0.4558295205
CO2,ISL,Iceland,0.2646392372,0.2598770124,0.2704816246,0.2787460839,0.2812931472,0.271937574,0.2886344921,0.264355964,0.2542749761,0.2471966118,0.2453548179,0.2445720684,0.2572887547,0.2497030123,0.2380679337,0.2223110058,0.2161951691,0.2126548812,0.2260333087,0.2473856182,0.2484118088,0.2353020973,0.2359256313,0.2306128534,0.2161977134,0.2123834469,0.1734688231,0.1739817121,0.1646311519,0.1583816724,0.141216357,0.1461024215
CO2,ISR,"Israel and Palestine, State of",0.3086076723,0.294698674,0.2959805611,0.2913994056,0.2808651938,0.2800157943,0.2774804175,0.2646219611,0.2732979293,0.2654932183,0.2626644017,0.2654437431,0.2694711435,0.2649219657,0.2406752097,0.2167987509,0.2091328296,0.1988123389,0.196225414,0.1936276302,0.1815931577,0.1690654283,0.1765640163,0.1483160435,0.1378845337,0.1376708544,0.1319204905,0.126485392,0.1141046233,0.1149082161,0.111149278,0.1027461345
CO2,ITA,"Italy, San Marino and the Holy See",0.2074329771,0.2036655358,0.2008375123,0.1995070381,0.1924139147,0.1983066267,0.1935683082,0.1914497525,0.1925752012,0.1924405621,0.1866359288,0.1830491188,0.1857452658,0.1932968532,0.1950594829,0.1939210233,0.1884434936,0.1828281726,0.1787744942,0.1677534399,0.168652213,0.1639565104,0.160526274,0.1500813839,0.1424475189,0.1454490365,0.1418862614,0.1380367593,0.1347562429,0.1308825079,0.1270799697,0.1290511195
CO2,JAM,Jamaica,0.3621739346,0.3433851319,0.3725554349,0.3466753525,0.3451030513,0.3488824145,0.3642785688,0.3770113467,0.4065064739,0.4129807739,0.4120695582,0.4092538902,0.3992354967,0.3966171762,0.393286622,0.3912283657,0.4400101945,0.4308054974,0.3501104932,0.2979895483,0.289249997,0.2811596765,0.2607936273,0.2768801508,0.2652750435,0.2587115832,0.2747496507,0.2597814775,0.304367076,0.2931631263,0.2787219447,0.2977957246
CO2,JOR,Jordan,0.3569643826,0.3518014237,0.3648642501,0.3628233007,0.3615459726,0.361497244,0.362288674,0.3628891759,0.3575283634,0.3463239399,0.3683643916,0.3507683041,0.3456249444,0.3402175253,0.3377199428,0.3332119347,0.3119838302,0.2995999217,0.2681173669,0.2624120327,0.2507318516,0.2490869242,0.2837655956,0.2717147954,0.2818000628,0.2727755005,0.2633136702,0.2714000337,0.2521592321,0.247667947,0.2347267958,0.2373359259
CO2,JPN,Japan,0.2889081035,0.2816505275,0.2805075376,0.2795957452,0.2887559879,0.2839052641,0.2781224378,0.2726288919,0.2656971247,0.2748948918,0.2719434506,0.2678690257,0.2755182074,0.2730855523,0.2664824781,0.2631330208,0.2550206934,0.2584781782,0.2476702065,0.2487692191,0.2514639864,0.2622450003,0.2663668842,0.2633960183,0.2535466697,0.2419657544,0.237672625,0.2313679884,0.2226547343,0.2162884473,0.2092112489,0.2116876276
CO2,KAZ,Kazakhstan,1.142920903,1.340674039,1.441707183,1.353791713,1.394977545,1.346460986,1.174715991,1.003385854,1.047720516,0.9306646279,0.859313786,0.7420591387,0.7516868227,0.7638272784,0.7519360813,0.7291325629,0.7344180517,0.7110085011,0.8131758739,0.7168343484,0.7193653876,0.7162771497,0.675904142,0.6780843883,0.5420843768,0.4695077807,0.4916069303,0.5005564975,0.4850461217,0.4567929717,0.4475517482,0.4269412552
CO2,KEN,Kenya,0.07648951685,0.07249376791,0.07403896957,0.07252408317,0.0704204883,0.07284828512,0.07658198726,0.07355418347,0.07674404693,0.07705338757,0.08459079868,0.0760166006,0.07370484187,0.06406253758,0.06924199989,0.07281103837,0.07584767818,0.07122903014,0.07528317995,0.0848872619,0.08516597618,0.08283994999,0.07408541792,0.08194165582,0.08301562335,0.09016007535,0.09745715239,0.09302875214,0.08187790453,0.09802486814,0.09026634612,0.08921026099
CO2,KGZ,Kyrgyzstan,1.046711108,1.022295898,0.7781137453,0.6765124918,0.5545734815,0.4157238846,0.4838732054,0.4354115069,0.450819461,0.3482399731,0.3226866135,0.2602838135,0.3242018739,0.3393796188,0.3157001289,0.3029106031,0.2945540169,0.3281997351,0.3506390203,0.3065807216,0.291738524,0.3283707939,0.4297348961,0.3640012114,0.360170257,0.3655316876,0.3328225811,0.3113771355,0.3566388833,0.3075005735,0.3129676001,0.3345618529
CO2,KHM,Cambodia,0.02964067729,0.02918498705,0.02321662616,0.02569229874,0.04143145777,0.1191789712,0.1249241062,0.1282301411,0.1372753161,0.1186469115,0.1111195652,0.1123113499,0.1082893362,0.1073487138,0.09733951863,0.0959509005,0.0964689984,0.1075873412,0.111760562,0.1328217628,0.1326518681,0.1288205425,0.1260098684,0.1186475191,0.1367939505,0.1550684733,0.1803791082,0.1890640767,0.1979097034,0.2234101839,0.2350639981,0.2347106334
CO2,KIR,Kiribati,0.108500411,0.1107530186,0.1096783074,0.1064916373,0.1100710534,0.1056440269,0.1064160975,0.1110063882,0.1079104057,0.1064962916,0.1943124292,0.1726774467,0.2417281696,0.2443393684,0.25911376,0.3221245522,0.3449261836,0.2949215489,0.3509061621,0.313421536,0.3159690501,0.2955901134,0.2732092569,0.2664994733,0.2654162551,0.2485325616,0.2627004026,0.2950128159,0.2807317654,0.2916244828,0.2947522091,0.3010914122
CO2,KNA,Saint Kitts and Nevis,0.09579978913,0.1371402823,0.1386384184,0.1494876825,0.1624097791,0.1273051473,0.1410117598,0.1249658357,0.1386050465,0.143661538,0.229357321,0.2246113838,0.2635336569,0.416691245,0.4158370044,0.355853926,0.3619394945,0.3709074112,0.3310716021,0.3637957812,0.3755260965,0.423411266,0.4400698153,0.3975839715,0.3882620766,0.3755842391,0.3731377148,0.2088531041,0.218726685,0.206094163,0.1989690421,0.2237668645
CO2,KOR,South Korea,0.499624292,0.4930056296,0.4941223767,0.506684433,0.4999431188,0.4957385562,0.4893439115,0.4856660558,0.4397926032,0.4298907283,0.4483498611,0.4396642204,0.4045461942,0.3952805829,0.3906061148,0.3742828929,0.3600555206,0.3475540378,0.3438494086,0.3462217648,0.3514151732,0.3562879182,0.3497041826,0.3375018319,0.3243122445,0.3249334852,0.3242609278,0.3182042289,0.3113926647,0.293830412,0.2758898766,0.2745777857
CO2,KWT,Kuwait,0.5138521769,1.036742995,0.4006321977,0.3792384455,0.4157106134,0.392318566,0.3834907119,0.3941872445,0.4221145518,0.4631868508,0.4831643344,0.5090666759,0.5165730554,0.4627389821,0.4466384738,0.4530228286,0.4361375538,0.4022103043,0.4203782586,0.4625725568,0.4906819457,0.4648907058,0.4402009309,0.4467802617,0.4355170922,0.4491800026,0.4484518511,0.4654118057,0.4549423143,0.4601924283,0.4757783334,0.5055512398
CO2,LAO,Laos,0.03046575006,0.03482487854,0.0342345943,0.0328208207,0.03339255412,0.03265695348,0.03573156992,0.03953777733,0.04178905571,0.03863773449,0.06159248163,0.06418745898,0.06789672877,0.06653989174,0.06557975807,0.06343402592,0.07659527093,0.0752229982,0.08139687255,0.09469045515,0.09781828588,0.09556548926,0.09438533884,0.1032929946,0.1067592571,0.2024428222,0.3362337493,0.3813994316,0.3704918658,0.343421599,0.3556678586,0.3528674908
CO2,LBN,Lebanon,0.2840488971,0.2357123995,0.2174520492,0.2810022489,0.285664275,0.3108925852,0.290018009,0.3152949194,0.3019852304,0.3129824009,0.2788765225,0.2899072369,0.2794721932,0.2708702174,0.2572534436,0.2492306947,0.2386503451,0.201819285,0.2268388155,0.2427588066,0.2151982504,0.2167538982,0.2360269335,0.2239112089,0.2363143404,0.2532189823,0.2583166709,0.2691424692,0.257789715,0.279172272,0.3392045119,0.3911761878
CO2,LBR,Liberia,0.1353963368,0.09707170824,0.1445319998,0.2281179148,0.2963106704,0.3125125981,0.3492328245,0.1672141646,0.1310794183,0.1147815578,0.09226344796,0.09967146057,0.09513348055,0.1466735306,0.1570989787,0.1854271326,0.1788034373,0.1517410133,0.1191353975,0.1047905539,0.1508061009,0.1435038118,0.1453536006,0.1236817573,0.1588331761,0.1634931547,0.1819142394,0.1621586546,0.179828424,0.1876997125,0.1910548037,0.1971467107
CO2,LBY,Libya,0.2355929657,0.204950072,0.2197469402,0.243220586,0.2779292081,0.3595645089,0.3685310649,0.3434772246,0.3414175915,0.3539970112,0.3523648251,0.3544385376,0.3665489922,0.3494795908,0.3308696216,0.3207813327,0.2999465606,0.2640238223,0.2812136259,0.3103350679,0.3121150662,0.4420778941,0.3285999901,0.3962981926,0.5075562474,0.4546541461,0.4583593017,0.3715773099,0.3547674417,0.4003887293,0.4341668622,0.4277238459
CO2,LCA,Saint Lucia,0.1148110141,0.1207857169,0.117995151,0.1095578857,0.1257976292,0.1192062228,0.1170038409,0.1118425597,0.1084102122,0.1120753207,0.1778234882,0.1990869332,0.1882604706,0.2664455454,0.2442046088,0.2441784805,0.2327507326,0.2337785017,0.2241486302,0.2428460654,0.2559663708,0.2796742254,0.2935147084,0.2985001772,0.3027590846,0.2974462128,0.2908222781,0.2046336201,0.1948163401,0.2792826717,0.2895308194,0.3024223926
CO2,LKA,Sri Lanka,0.06325621714,0.06313893515,0.07527808937,0.06894355358,0.07512611553,0.07159576818,0.09721361332,0.09113578814,0.08992480323,0.09517651214,0.1026340301,0.1034075381,0.1040473979,0.1062041977,0.104078681,0.1070935553,0.08924622321,0.09154287769,0.08223959917,0.07634008559,0.07479137372,0.08119594048,0.08120422375,0.06795140237,0.0782523892,0.08644913441,0.0885203574,0.090963386,0.08253043089,0.08945671387,0.08926826328,0.0837540865
CO2,LSO,Lesotho,0.05752090893,0.06421192169,0.05283501225,0.04934413965,0.05088574704,0.05065849443,0.04935418971,0.04879457541,0.04707520129,0.04809252931,0.1163563497,0.1132693677,0.1159259773,0.1120786817,0.1166561771,0.1132776149,0.1092399146,0.1348268956,0.1041485808,0.1226731331,0.1199876275,0.1101329888,0.108795627,0.1071389281,0.1079734004,0.1027751885,0.1066996739,0.1238174071,0.1215796256,0.1215109588,0.1212441297,0.1237904203
CO2,LTU,Lithuania,0.5696585267,0.727313523,0.4830232847,0.4066212887,0.4306175758,0.3948710639,0.3870323584,0.3457842603,0.3392696661,0.2884247456,0.2436509986,0.2430486782,0.2293789939,0.2073768294,0.2035805669,0.2018222988,0.1911247526,0.1884572324,0.1837142585,0.1797303234,0.1881642523,0.1807817361,0.1760843991,0.1569815651,0.1500893303,0.1503263185,0.1450515962,0.1432638551,0.1386385116,0.1350935877,0.1307215841,0.1269508872
CO2,LUX,Luxembourg,0.4343148599,0.4150328883,0.3962821663,0.3877855459,0.3471371082,0.2747268172,0.2716196774,0.2433906814,0.2095965854,0.2027283356,0.2041526027,0.2101032404,0.218712965,0.2220328646,0.2420973452,0.2408812946,0.2239287325,0.1968311229,0.1950705031,0.1907602839,0.1942799315,0.1900796385,0.1831175195,0.1687071875,0.1564704157,0.1450027136,0.1342309026,0.1343964665,0.1362949861,0.1343010204,0.1149677643,0.1113645842
CO2,LVA,Latvia,0.479545586,0.4980089614,0.5794599201,0.5111351669,0.4390974159,0.3968800963,0.3903897079,0.339627378,0.3086125165,0.2792216988,0.2461113807,0.2422075053,0.2249662451,0.2137328631,0.1977248139,0.1810586156,0.1715089842,0.1632472163,0.1609135575,0.1710838236,0.2054159567,0.1858441259,0.1690502719,0.1609136894,0.1537315529,0.1486918512,0.1422916337,0.1369927304,0.1433305437,0.1361554078,0.1214886883,0.1208556618
CO2,MAC,Macao,0.05587308947,0.05358331034,0.04932939386,0.05027891087,0.05396830779,0.04985707175,0.05883885608,0.06453211842,0.07501643034,0.07882362777,0.07292519406,0.07372056513,0.07306615856,0.06680799726,0.06144110074,0.05631352244,0.04918684922,0.03811588281,0.03198740279,0.03562951496,0.02734261261,0.02249483158,0.02108917776,0.01882256677,0.02160621951,0.03637557156,0.03602450954,0.03865118461,0.02904899254,0.03160167998,0.0693459105,0.06009125626
CO2,MAR,Morocco,0.2350823613,0.2299536597,0.251639417,0.2608435057,0.2554939481,0.2810487601,0.2471658807,0.2642627501,0.2524065433,0.2627373239,0.2633411189,0.2705240344,0.271228035,0.2547596489,0.2675342718,0.275211566,0.2621926095,0.2567941286,0.257515468,0.2464120053,0.2523481579,0.2592990081,0.2617826745,0.2503476865,0.2489297599,0.244819911,0.2423461642,0.2443762858,0.243656925,0.2589635785,0.2573115832,0.2628944369
CO2,MDA,Moldova,0.7528649369,0.7227235145,0.8095535587,0.6942564407,0.8170336192,0.7262625277,0.6645630719,0.5945334344,0.5751857093,0.505101244,0.4598153106,0.4525078935,0.4282252415,0.4320790827,0.4054500149,0.3965263314,0.3678618214,0.3529937415,0.3237768508,0.3386288502,0.3464500633,0.328916376,0.3238577226,0.2619526848,0.2694536446,0.2792489564,0.2706661397,0.2552737389,0.2598636204,0.2608975791,0.2779204711,0.2606574235
CO2,MDG,Madagascar,0.03768894491,0.04986492249,0.04891812978,0.04846117842,0.0513748368,0.05294305816,0.0543657059,0.05753619821,0.05086301397,0.04842446776,0.07687750889,0.07384606804,0.06224087373,0.07616542642,0.08088399371,0.07698190799,0.07171613999,0.07143257772,0.07007957861,0.06425181089,0.07818274698,0.09449789804,0.1200879722,0.1305197323,0.1201105125,0.1205346431,0.1195972692,0.1175317249,0.1086106753,0.1227895588,0.1222594707,0.1252361384
CO2,MDV,Maldives,0.0391931011,0.03683807186,0.03738456138,0.04134415478,0.08602853298,0.1147994362,0.1098217943,0.09293061887,0.09853494786,0.09009418526,0.1832798109,0.1640746484,0.1823628626,0.137032928,0.1662091585,0.1745481617,0.1685487153,0.1537115268,0.1600289163,0.1889759634,0.1787188495,0.1823295734,0.222320274,0.219848078,0.2703624582,0.1906626842,0.1891199504,0.1800069728,0.1893218329,0.2043434301,0.3088598586,0.2445567823
CO2,MEX,Mexico,0.2319266353,0.2361486267,0.2310051994,0.2323917356,0.2391324435,0.2406540388,0.2364058878,0.2336506018,0.2359510885,0.2231478577,0.2266177006,0.2262853604,0.2298401476,0.2379227599,0.2342278848,0.2380364645,0.2362288263,0.2344115982,0.2324533845,0.2403667958,0.2361781915,0.2325005923,0.2331822819,0.2242730933,0.2123655744,0.2093131265,0.2069919901,0.203685971,0.192720408,0.191810412,0.1740169573,0.1731805298
CO2,MKD,North Macedonia,0.4935231846,0.4654045226,0.4430477603,0.4916910881,0.4849887318,0.4873824922,0.5673697124,0.5040942083,0.5349134865,0.4733215642,0.4368577869,0.4601851567,0.4272937389,0.4541193892,0.4228617697,0.4238389133,0.4022688753,0.4056906495,0.3768117779,0.340250812,0.3306850681,0.3605578028,0.340065235,0.3018726988,0.2767198831,0.2533418036,0.2322472266,0.2451081884,0.225452436,0.247606126,0.2189268569,0.2208137009
CO2,MLI,Mali,0.0336007813,0.03570527341,0.0348663466,0.03308628271,0.03196521887,0.03254529408,0.03284187095,0.03208509279,0.03092640669,0.03004530099,0.05225099788,0.04593247252,0.04564861705,0.04270581205,0.04366912955,0.04247060313,0.0480512895,0.05487344383,0.06034094349,0.07300762375,0.06926980671,0.06740717881,0.07064216238,0.08105444868,0.08070961756,0.09091121138,0.1073171548,0.1170237647,0.1151587667,0.1225120157,0.1224807788,0.1274583848
CO2,MLT,Malta,0.4117577339,0.3704751629,0.3473008382,0.4284757269,0.3630058303,0.3241245371,0.3057431155,0.308743656,0.2821141467,0.273247629,0.2014734014,0.2380457977,0.2164201017,0.2333336805,0.2327820426,0.2278231216,0.2248614541,0.2194291426,0.2115951835,0.1969798002,0.1930797153,0.1902187432,0.194334864,0.1613911621,0.1490880434,0.09668236627,0.07691290637,0.07755105573,0.07462510313,0.07510345627,0.07743368161,0.07606507829
CO2,MMR,Myanmar/Burma,0.1916325545,0.1834343737,0.1861486354,0.1930471607,0.21676936,0.2448932051,0.2415265104,0.2268095236,0.2330714899,0.2348331353,0.2276044418,0.1769669913,0.1589852448,0.174985047,0.1476818448,0.1373528898,0.1131830725,0.1048245678,0.07258658042,0.06242108273,0.0618234916,0.06106347453,0.07852077055,0.08238820312,0.09473049151,0.1018082148,0.1067121517,0.1486279178,0.1451834737,0.1522542871,0.1502233015,0.1847714086
CO2,MNG,Mongolia,1.210151722,1.497695534,1.439555998,1.36940946,1.168960714,1.092343776,0.903186921,0.8522134746,0.8272104225,0.8079095713,0.8345404392,0.8080475044,0.8268097205,0.7491081528,0.6926423941,0.7489798985,0.7822349973,0.7413651057,0.6797515013,0.7243576422,0.7179284789,0.6756300009,0.6527057425,0.6273721073,0.573573686,0.5338927894,0.5537713396,0.564642305,0.5758862062,0.5851233714,0.6383366329,0.6409687884
CO2,MOZ,Mozambique,0.1932772565,0.1550886197,0.1964004633,0.2061081105,0.1647237047,0.1766516441,0.1535615044,0.1521062449,0.1339194148,0.1194804584,0.1434270675,0.1540854819,0.1476420581,0.1749703824,0.1782765483,0.160449694,0.1550236433,0.1646293516,0.1489897313,0.1512764904,0.1502607101,0.166816209,0.171059494,0.1743888788,0.1828840344,0.1908777307,0.2366635788,0.2277527256,0.214083834,0.2234355192,0.2089306539,0.2199712173
CO2,MRT,Mauritania,0.08360404395,0.1018244948,0.2753990189,0.2594884572,0.276444254,0.2621074359,0.2464625568,0.262494587,0.2607949958,0.2575827202,0.1063085386,0.1147623632,0.1229807811,0.1199366449,0.1269662022,0.1213159869,0.1110509724,0.125473482,0.141348841,0.1397647848,0.1376156731,0.1320870743,0.1400165585,0.1226430121,0.1355208642,0.1305356382,0.1206390663,0.1675452777,0.1652479803,0.1659473891,0.1667710383,0.1751415394
CO2,MTQ,Martinique,,,,,,,,,,,,,,,,,,,,,,,,,,,,,,,,
CO2,MUS,Mauritius,0.1408703969,0.1443754077,0.143160766,0.1501577543,0.1485172515,0.1458587351,0.1446700734,0.1374592058,0.1421646908,0.1697197315,0.1734927535,0.1773686463,0.1783095032,0.1762330613,0.1703630561,0.1790395799,0.1903877208,0.185054408,0.1793762992,0.1711295133,0.1752595308,0.1675261735,0.1657117137,0.1645748378,0.164239275,0.1587648049,0.1556134114,0.1551060013,0.147990938,0.145572096,0.1566035498,0.1610565193
CO2,MWI,Malawi,0.1038414765,0.1227741826,0.1382120799,0.1437931194,0.1287800626,0.1193865226,0.1222223505,0.1309316159,0.1017051158,0.1011080133,0.1159302817,0.1169957344,0.1150411975,0.1118903219,0.1084916281,0.1122507259,0.1142853834,0.1029868961,0.1063539514,0.0946417682,0.1081764769,0.08479676167,0.07396561566,0.06814513122,0.059177988,0.05442335055,0.05782759588,0.06149143273,0.06820076566,0.0654315065,0.05918720695,0.06132870789
CO2,MYS,Malaysia,0.3095083034,0.3388366831,0.3262174216,0.323892568,0.3187728699,0.3125285705,0.3244314939,0.3240658759,0.3462078511,0.3571754374,0.3589592336,0.3766558621,0.3807367884,0.3829354319,0.3867531429,0.3906813642,0.385430138,0.3960233986,0.4019921924,0.3676922599,0.3729502363,0.3567624045,0.3429655454,0.3530613879,0.3525752327,0.3366565943,0.3168102363,0.2900208462,0.2965101751,0.2931687598,0.2990159063,0.2846865811
CO2,NAM,Namibia,0.1761822354,0.1225356558,0.1243797474,0.1465622778,0.1663643412,0.1735386325,0.184339092,0.1829885515,0.1828329592,0.1682976265,0.1596406201,0.1996586486,0.1649722328,0.1698706352,0.1607657965,0.1669137652,0.1563627854,0.1546410339,0.1687577627,0.1720481786,0.1678327076,0.1689576447,0.1693833082,0.1709714638,0.1669730031,0.1700155376,0.1715668085,0.1731722373,0.1716757143,0.1735922342,0.1751303681,0.1760473345
CO2,NCL,New Caledonia,0.3377394006,0.3410843915,0.3385770596,0.3229384802,0.3185336946,0.2973595075,0.3277276447,0.3240373974,0.3484149419,0.3406989225,0.4021569818,0.3960398733,0.4246639376,0.4442961097,0.3871749636,0.4105502985,0.3801077991,0.3662141625,0.377683784,0.3859875394,0.4487348039,0.4311282429,0.428803107,0.4469629254,0.5328480321,0.5107329353,0.5301241964,0.4957020888,0.5430969748,0.5921432979,0.6086129671,0.6241125595
CO2,NER,Niger,0.06968773966,0.066739265,0.06206434955,0.07494563988,0.06177935291,0.05823753245,0.06763623905,0.06736178067,0.06576394526,0.06462343226,0.06645306851,0.06233141735,0.06169651977,0.06562653598,0.06834358278,0.06106454675,0.05823619325,0.06109624683,0.05948706515,0.0723803932,0.08437362927,0.08338043378,0.1059834582,0.09976225754,0.1015515692,0.09532265416,0.09058721041,0.07847006425,0.07477571958,0.08014731392,0.07648903779,0.08243008829
CO2,NGA,Nigeria,0.240908052,0.2597908235,0.2719945753,0.2698493248,0.2561043965,0.2817847136,0.3156963955,0.3015825182,0.2660867903,0.260427529,0.2746091899,0.2740091947,0.2150826574,0.2228886742,0.196761956,0.1812293254,0.1540808598,0.1323091966,0.1328610554,0.1085977001,0.1172574064,0.1226193624,0.1142132363,0.1204946333,0.1199516782,0.1102123801,0.1165351951,0.114379549,0.113374375,0.1165300232,0.1187313585,0.120923086
CO2,NIC,Nicaragua,0.1366188688,0.1376089828,0.1592051097,0.1568328147,0.1723806757,0.1730148996,0.1723394093,0.1774743852,0.1988305969,0.187425366,0.1874498029,0.1930236248,0.1981355467,0.2115715027,0.2061703197,0.1875932674,0.1907311009,0.1878450855,0.1739883947,0.1756608716,0.1737801466,0.1706452348,0.1588557782,0.1441822295,0.1462807136,0.1553735162,0.1518359525,0.1465269474,0.1392236472,0.1475195317,0.1276894579,0.1295005485
CO2,NLD,Netherlands,0.296138911,0.3005001112,0.2922315972,0.2958108078,0.2882093049,0.2907839685,0.297403091,0.2730965831,0.2619705571,0.2427678173,0.2339660696,0.2346734189,0.2348500201,0.2373486699,0.2358594809,0.2253908107,0.2126157557,0.2063342275,0.2033291348,0.2050187535,0.2155266578,0.1983105002,0.1973437507,0.1962434997,0.1850091008,0.1902084055,0.1875663324,0.1794132392,0.1696571663,0.1612366668,0.1510400517,0.147574447
CO2,NOR,Norway,0.2095607844,0.1889752781,0.1964096802,0.2016564895,0.2016681407,0.1946147515,0.1869953029,0.1875967446,0.1897487815,0.1923325303,0.1672913065,0.1656578766,0.1606947538,0.1699557247,0.1650691048,0.1548472608,0.1535421049,0.1521879651,0.1527354294,0.1502276729,0.1642444138,0.1567186394,0.1486664957,0.1492630968,0.1457490756,0.1444290735,0.1408241447,0.1352889989,0.1333828026,0.1259089362,0.1218942786,0.1191483723
CO2,NPL,Nepal,0.03600523902,0.04152201066,0.04183904966,0.04452470129,0.04997906529,0.05254999928,0.05291779766,0.05562461232,0.0572573201,0.07137697758,0.06897540864,0.07035657364,0.05739943465,0.06266898197,0.05203534801,0.0562824904,0.04511161692,0.04496060891,0.04680097569,0.0589572971,0.0660331356,0.07149833053,0.07905980209,0.07678686745,0.08422713596,0.08171425065,0.1167927741,0.1280983063,0.1435882155,0.1204295618,0.1261421644,0.1243672847
CO2,NZL,New Zealand,0.257499059,0.2675830889,0.283409068,0.2647032712,0.2563534835,0.24961421,0.2529368462,0.2694158368,0.2641909374,0.2644420968,0.2663144784,0.2720634679,0.2620595215,0.2560642714,0.2437629474,0.2411535905,0.234177352,0.220448149,0.2289062679,0.21255444,0.2090741805,0.2001638183,0.207702373,0.2006663586,0.1971442096,0.1902509014,0.1798544706,0.1805741812,0.1723362941,0.1775126302,0.1570810426,0.1469837652
CO2,OMN,Oman,0.2834230124,0.3257479348,0.2865398098,0.2559507043,0.2305641764,0.2568000001,0.2634110272,0.2562496484,0.2430471762,0.2726958588,0.2889073294,0.3106345029,0.3357453713,0.3647000046,0.3555756447,0.3606084587,0.4370523876,0.4521553845,0.4102277052,0.4076722187,0.4374662823,0.4933175561,0.5115400718,0.5091440018,0.5339472026,0.5375548289,0.5316932501,0.5297021097,0.5434227079,0.5555458678,0.5684123738,0.6157369607
CO2,PAK,Pakistan,0.1849382424,0.1793020707,0.1844134814,0.1999932676,0.1986238801,0.2038660608,0.20229229,0.2079524293,0.2058207016,0.2170736457,0.210387038,0.2080896987,0.2039558241,0.1994575393,0.2072381495,0.1980248161,0.2025889149,0.2149986565,0.2052470188,0.2032135209,0.1925967073,0.1896043946,0.1845310166,0.1786368553,0.1797806149,0.1813441245,0.1902174032,0.1982155447,0.1763458243,0.1745452846,0.1778061293,0.1824227351
CO2,PAN,Panama,0.103362653,0.1090327095,0.1200957991,0.1164444573,0.1202935298,0.1270476836,0.1230086025,0.1213861091,0.1393462815,0.1173967542,0.1184580981,0.1407218667,0.1201096465,0.1168176326,0.1091846729,0.1312404984,0.1273797622,0.1134489987,0.1002448789,0.1183104327,0.1182413638,0.1156724731,0.1101084116,0.1011564007,0.1010556997,0.09432998259,0.09015541375,0.08125752814,0.0767436447,0.0985308566,0.1017466697,0.09901641055
CO2,PER,Peru,0.1803035551,0.1712423121,0.1795876659,0.1790842108,0.1636368912,0.1732137198,0.1850939572,0.1733416322,0.1674314642,0.177435809,0.1708269742,0.1577521207,0.1560614209,0.1471028296,0.161593709,0.1521076156,0.1395624044,0.1405561447,0.1460676379,0.1552961692,0.1566662316,0.1582319508,0.1488421106,0.1438420243,0.1487591364,0.147956927,0.1492999615,0.1395747842,0.1348620803,0.1377482354,0.1251519062,0.1306933079
CO2,PHL,Philippines,0.1699994395,0.1714942173,0.1849431344,0.1948524923,0.2015572769,0.2313918766,0.2285987447,0.2430673082,0.2394995256,0.2260023,0.2181918848,0.2044859603,0.2005105864,0.1964398113,0.186571421,0.1850275499,0.1577649746,0.1601186769,0.1553894879,0.1546082885,0.1548930338,0.1488041364,0.1472116007,0.1499750394,0.1503951338,0.1533119072,0.1547980212,0.160473982,0.1576843724,0.1563290001,0.1590384531,0.1605027148
CO2,PLW,Palau,10.04478489,9.503737141,8.484631372,9.90135061,13.81083241,9.29023118,7.912049732,8.648562654,7.667434019,8.444199617,8.085493892,8.461450398,4.991307554,6.138829536,5.185877869,5.68485785,5.583721307,4.461553118,4.786067441,7.965216639,7.719332187,8.123986499,12.15275035,6.366214234,4.162985976,3.649995556,3.497168736,3.780211791,3.89239691,4.08949013,4.559449014,5.704522362
CO2,PNG,Papua New Guinea,0.1898885371,0.1730260587,0.1587648964,0.1328928125,0.1275595172,0.1349936534,0.1301896761,0.1457466096,0.1903694765,0.1490448142,0.1884079228,0.2240749812,0.2528467503,0.2746314334,0.2861856812,0.2874019889,0.2763652257,0.2419556111,0.2431275634,0.2327129691,0.1730350945,0.1839429755,0.1663309729,0.1633339761,0.1702470101,0.1713643223,0.1761307392,0.1604614392,0.1680082491,0.1671701714,0.1756905756,0.1780668907
CO2,POL,Poland,0.8627676856,0.9197100395,0.8741338878,0.843279365,0.7877218617,0.7412723736,0.7276315322,0.6680339533,0.5891619515,0.5471651686,0.5036804712,0.49246372,0.4722437835,0.475107019,0.4560136582,0.4397224892,0.4316892222,0.4024445834,0.379637346,0.353929563,0.3608243839,0.3419821483,0.3297599112,0.3216938518,0.2991810952,0.2898679256,0.2911559641,0.2894242514,0.2743079287,0.2476145097,0.2410098322,0.2470735497
CO2,PRI,Puerto Rico,0.01153736274,0.01131372556,0.01059542722,0.01026800399,0.01019967758,0.009915767406,0.009835077152,0.0094368276,0.008756776581,0.009025074974,0.01462589877,0.01801685592,0.01786488156,0.01979493469,0.0174161626,0.01771571184,0.0181133312,0.01831116434,0.01940182898,0.0177730415,0.01914883325,0.01982450999,0.03083816353,0.03500700751,0.03580960613,0.03503319068,0.03855036839,0.01094319147,0.01139725437,0.01119045149,0.01128335928,0.01168783042
CO2,PRK,North Korea,1.273487546,1.24968193,1.169466761,1.106173411,1.009485489,0.9708412525,0.8787931817,0.8989411969,0.7371911656,0.7927762009,0.8341020543,0.8739733054,0.8243700558,0.8253335234,0.8202743599,0.8286776757,0.8043327213,0.6623311889,0.7292715423,0.5328610306,0.5390284904,0.4059005114,0.3973341586,0.2802564653,0.3185021303,0.2608592404,0.3004793718,0.5064832758,0.4527882613,0.4886313956,0.4988902938,0.5110561336
CO2,PRT,Portugal,0.1854459726,0.1852143082,0.1985131339,0.1981998169,0.2027118435,0.2081103039,0.1936474483,0.1940909447,0.2010639631,0.2156667572,0.2064067628,0.2002486842,0.2117028669,0.1982637174,0.2002181439,0.2087752743,0.1903781975,0.1812756483,0.1744087838,0.1776496434,0.1591498547,0.1567908003,0.1581719353,0.1549204609,0.1542934898,0.162067903,0.1555765331,0.1641666691,0.1481031476,0.1308531778,0.1202586572,0.1120492684
CO2,PRY,Paraguay,0.06329341766,0.05995827213,0.07029606634,0.07597639531,0.08388161881,0.08874916828,0.08631743961,0.09150401997,0.09579978781,0.09727053751,0.08265292337,0.08643143955,0.09053253874,0.08980382429,0.08701162922,0.07873555975,0.08080472249,0.07288256367,0.07963432703,0.08214467949,0.0818501131,0.08145882208,0.08144706958,0.0783434825,0.07835159186,0.08536905505,0.09201250786,0.09867326152,0.100338854,0.09822162844,0.09377842043,0.09680564704
CO2,PYF,French Polynesia,0.1998466896,0.1908646171,0.1804557617,0.1754952138,0.1461824975,0.1454433936,0.1447636957,0.1541015416,0.154284115,0.144331479,0.149147558,0.167203393,0.170445228,0.1744176986,0.1622598741,0.1678450675,0.1561026484,0.153806836,0.1646243153,0.1761387077,0.1812601136,0.1842652162,0.1782452395,0.1800587435,0.1728915191,0.1739493794,0.1663165933,0.1561550171,0.1560482367,0.1546117665,0.1786762757,0.1852368288
CO2,QAT,Qatar,0.595550593,0.6428349495,0.6077316702,0.6319787174,0.6562419418,0.6556638668,0.6821222813,0.6423906915,0.6102970841,0.6395621671,0.6198675651,0.609358085,0.6345822394,0.6467634499,0.5836248616,0.574452805,0.5102258884,0.487065822,0.4480034994,0.4099417051,0.3874155681,0.386173264,0.3884097297,0.4022796725,0.4050731472,0.4005161649,0.3958036134,0.4051668036,0.3945965616,0.4131367341,0.3855029076,0.3916052274
CO2,REU,Réunion,,,,,,,,,,,,,,,,,,,,,,,,,,,,,,,,
CO2,ROU,Romania,0.6048116911,0.5653139981,0.5557222618,0.5146955599,0.4838145372,0.4774446583,0.4722202437,0.4556667719,0.4075665906,0.3473595084,0.3571331292,0.3633790075,0.3400601492,0.3453722623,0.3065008399,0.2892121583,0.2823042558,0.2569851286,0.2311915326,0.1996110157,0.201165548,0.212573968,0.2030136019,0.178317096,0.1715061483,0.16865904,0.1575302569,0.1523400344,0.1478051215,0.1390473123,0.131195721,0.1335162773
CO2,RUS,Russia,0.7536341676,0.7821053572,0.8453488994,0.843795086,0.8669933527,0.8824987164,0.8939223462,0.8227715412,0.8707211248,0.8423526653,0.7833756702,0.7487869787,0.7105610212,0.6882972179,0.6415936839,0.603168594,0.5691280681,0.5254322853,0.4953311704,0.5053883913,0.5065011563,0.5098935744,0.485298606,0.4625064367,0.4544266764,0.464186283,0.4567297254,0.4563650723,0.4629408978,0.4704270629,0.4617890774,0.476077164
CO2,RWA,Rwanda,0.08547519862,0.1057120122,0.08819987085,0.08655068696,0.171750646,0.1326210074,0.1219415755,0.1099939397,0.1055052071,0.1043620543,0.09426889975,0.08787896047,0.0806390296,0.07819031998,0.07294859957,0.06727529495,0.06291445739,0.05845494377,0.05248373279,0.05111842226,0.0524657598,0.04910994296,0.04884733411,0.04943832775,0.04664591637,0.04694719619,0.04724566647,0.04751932375,0.04644712772,0.04628141821,0.04293028978,0.04099975781
CO2,SAU,Saudi Arabia,0.2581699971,0.2299730902,0.2373660605,0.2532237905,0.2734196168,0.2709385805,0.2803723437,0.2805449158,0.2897489596,0.3071932764,0.3058412563,0.3219195796,0.3528740067,0.3329454512,0.3270994903,0.3281947179,0.3380736374,0.3510626988,0.3582690578,0.3863129493,0.4033028412,0.3833546817,0.3851969036,0.3805463601,0.3931205895,0.3940427359,0.3867210214,0.3822632306,0.3574061524,0.3585227368,0.3723605228,0.3678747897
CO2,SCG,Serbia and Montenegro,0.8334969851,0.7896972379,0.7449097237,0.6279948093,0.564793102,0.793611294,0.8730206645,0.7966946217,0.7687287272,0.6035914781,0.6831808525,0.6907304532,0.6944512404,0.7090875953,0.70186995,0.6153373142,0.6071792427,0.5561661711,0.473067654,0.4541507586,0.4638884326,0.485369568,0.4353095573,0.4280588912,0.3666201335,0.4152902744,0.4113722405,0.3979354524,0.374443828,0.3600956555,0.3689181455,0.2329473989
CO2,SDN,Sudan and South Sudan,0.1719370563,0.1380495973,0.119976931,0.08044539249,0.1140969012,0.09867445597,0.09019205637,0.09676698712,0.08254632065,0.08710830915,0.08805945701,0.08818623637,0.09951083312,0.09299014068,0.09725471687,0.1039175567,0.1117718069,0.105744674,0.1027973848,0.1024427828,0.1077874538,0.09767033531,0.09596546064,0.08589789849,0.08695459634,0.09648677286,0.1044756,0.09705186855,0.09664531798,0.09630498705,0.08120655426,0.1239348542
CO2,SEA,International Shipping,,,,,,,,,,,,,,,,,,,,,,,,,,,,,,,,
CO2,SEN,Senegal,0.1290528304,0.1264114464,0.1370129658,0.1320891304,0.1349814084,0.135207133,0.1428201816,0.1523252779,0.1612275214,0.1672328482,0.1587929394,0.1719947043,0.1783889177,0.1639356605,0.1783039746,0.1896522467,0.1810736447,0.1946677926,0.1947375501,0.1938406262,0.1987792579,0.2100197699,0.1986073815,0.2057327289,0.2072946125,0.2141329474,0.2249755499,0.202579896,0.1978007323,0.206964935,0.2003792994,0.2030959721
CO2,SGP,Singapore,0.2784118602,0.2751603456,0.2646225431,0.2735881466,0.2594510933,0.2402421808,0.2297051085,0.2107656658,0.2085779228,0.1989135559,0.2022582036,0.2061066198,0.1954336941,0.1755812332,0.1676600852,0.1463588651,0.1350297631,0.1282930117,0.1247030256,0.126969204,0.1237221193,0.1223300182,0.1144183304,0.1145159849,0.1127866253,0.1121858905,0.1062234917,0.1101036404,0.1022968337,0.1013888431,0.1038400941,0.1006158057
CO2,SHN,"Saint Helena, Ascension and Tristan da Cunha",,,,,,,,,,,,,,,,,,,,,,,,,,,,,,,,
CO2,SLB,Solomon Islands,0.2220549782,0.2117172907,0.1896718707,0.1787075469,0.1738030304,0.1516594571,0.1529430441,0.1636471948,0.1673662814,0.1635529561,0.2790022135,0.323406236,0.3431148111,0.3326917068,0.3230064508,0.314343711,0.2998987275,0.2902760313,0.2910861101,0.3010884049,0.2869551269,0.2834712126,0.2753692114,0.2607590103,0.240225977,0.2119056166,0.1879036709,0.1770531943,0.1774180462,0.1772467792,0.1861827005,0.1932445634
CO2,SLE,Sierra Leone,0.1225789312,0.1512451583,0.1201375768,0.1156781523,0.1221965341,0.1439992259,0.1559826716,0.1674294939,0.1719001108,0.1797527743,0.1019365582,0.1343409724,0.109650428,0.1060571283,0.1004662247,0.08942323736,0.1061979905,0.09190385846,0.08458665348,0.08218400248,0.08527374902,0.09130720863,0.08812940397,0.08347312595,0.08529127896,0.09008834693,0.08607962881,0.0839152731,0.07996187734,0.07163712923,0.07227007511,0.07495853715
CO2,SLV,El Salvador,0.09487620772,0.1186849097,0.1246306012,0.1276804058,0.1415918107,0.1474919535,0.1308844179,0.1546140127,0.1576516835,0.1536368748,0.1505283041,0.1558646162,0.1550581748,0.1650734428,0.1700018305,0.1693388632,0.1736460068,0.1789613242,0.1598613415,0.158481863,0.1534565913,0.1542230527,0.1519457899,0.1458692128,0.1447508892,0.1474970112,0.147121127,0.1299698705,0.1357714361,0.1511528523,0.1422546309,0.1425237912
CO2,SOM,Somalia,0.05865677227,0.04256170318,0.03954741631,0.04054112559,0.05126081188,0.05265712709,0.05214686317,0.05494916222,0.05463288646,0.05435386551,0.07168581793,0.0714864158,0.07519767939,0.073592009,0.07182992262,0.07107945236,0.0709916303,0.06975401139,0.06575731346,0.06454655973,0.06450213176,0.05803894353,0.05537106885,0.06707721633,0.06126216457,0.0558734467,0.05123569323,0.05118150478,0.0474366091,0.04442358459,0.0382108936,0.03937206706
CO2,SPM,Saint Pierre and Miquelon,,,,,,,,,,,,,,,,,,,,,,,,,,,,,,,,
CO2,STP,São Tomé and Príncipe,0.1938713354,0.2564698162,0.2160868433,0.2349901221,0.2843138501,0.2899292177,0.2933165477,0.2789638727,0.2331175567,0.2534436341,0.2151810624,0.1645747608,0.1812138005,0.1914424819,0.2127007661,0.215150973,0.2079862992,0.2060172586,0.2037347455,0.2158935789,0.2203056329,0.2002074916,0.2009002511,0.1915550871,0.1765081708,0.179137547,0.1764611838,0.1770208763,0.1682283685,0.1819522796,0.1609305882,0.1697703811
CO2,SUR,Suriname,0.2885272938,0.2743087653,0.2707156948,0.2813783626,0.264735054,0.2641622957,0.2578187702,0.2402684236,0.2342142797,0.2439394994,0.240956736,0.2375173342,0.1700147269,0.1770186958,0.183820752,0.2129286463,0.1825470812,0.1602797981,0.1588169216,0.1533121212,0.1755595655,0.1854057957,0.2256447846,0.2051866447,0.2344226015,0.2523703047,0.2883101972,0.2398503911,0.2020807009,0.2399352611,0.2685483531,0.3013454788
CO2,SVK,Slovakia,0.7476310272,0.7585339093,0.7898977262,0.7466006211,0.6683245644,0.6332268298,0.5989654122,0.5646366842,0.5291168804,0.5205667257,0.4870318755,0.4819100122,0.4576187719,0.4362906824,0.4119162916,0.3908231204,0.3550092184,0.315438285,0.2988188458,0.2867342865,0.289882529,0.2680992563,0.2526628886,0.253315021,0.2299377221,0.221637981,0.2236364888,0.2305158925,0.2183172886,0.1999779385,0.1988189921,0.218453378
CO2,SVN,Slovenia,0.3722591673,0.3778407619,0.3994447612,0.3995946274,0.382475933,0.3735545291,0.3797633356,0.3679178613,0.3500910935,0.3191850834,0.3004187431,0.3258399877,0.3202787791,0.3086801029,0.3015711346,0.2945130947,0.2836154841,0.2646473695,0.2685776595,0.2613136845,0.2618550768,0.2442007088,0.2423055165,0.2453443616,0.2187222367,0.2160278246,0.2194667034,0.2138121139,0.2044808118,0.1919557435,0.1845208028,0.168264391
CO2,SWE,Sweden,0.1987088791,0.2024359344,0.213952913,0.2176113935,0.2174306813,0.2084707949,0.2231070325,0.1982681637,0.1933969861,0.1817453164,0.1632701399,0.1612632946,0.1617154949,0.1602135672,0.1496801935,0.1376388074,0.1326222178,0.1231114983,0.1215868639,0.1165931015,0.1236694109,0.1108396222,0.1064262331,0.1014091057,0.09584763565,0.09249398009,0.08979757626,0.08679388871,0.08066467526,0.07770570587,0.07390852346,0.07043871133
CO2,SWZ,Eswatini,0.326354682,0.3311485638,0.2970280645,0.2397929637,0.3858111623,0.3576260825,0.3361753019,0.3809965092,0.4729222359,0.4724345366,0.5062605245,0.5097756404,0.4895528023,0.4506555418,0.4239991204,0.4438062656,0.440785623,0.4656788989,0.4612060968,0.4368287357,0.373820054,0.2402439687,0.1852664477,0.1254972028,0.1202272532,0.1239707909,0.1321573557,0.1404439571,0.159214385,0.1599872871,0.1484298918,0.1440204148
CO2,SYC,Seychelles,0.3096622672,0.4093079359,0.3331523554,0.3151504789,0.3175299774,0.3411809218,0.3346896167,0.3254612284,0.3058471099,0.3082265676,0.5465554015,0.6017159092,0.5252948008,0.5595228064,0.8146290417,0.6806353773,0.6699011507,0.4988926377,0.54143547,0.6008717394,0.5147735365,0.3746658697,0.4163013497,0.3534352735,0.388124406,0.3858373386,0.3979474175,0.4103057852,0.3505252364,0.3458197619,0.3809074611,0.3883734401
CO2,SYR,Syria,2.045809065,1.955660544,1.675250236,1.567587162,1.530078327,1.478060427,1.516364546,1.502669408,1.496756845,1.494671438,1.449832047,1.373247643,1.271888246,1.277615784,1.214245581,1.358212309,1.32628256,1.286003928,1.241643395,1.090033793,1.053596638,1.136208015,0.9067195856,0.5482348548,0.4665789891,0.5262923841,0.6386583527,0.742754779,0.6940470011,0.6306442445,0.5268658465,0.5482710352
CO2,TCA,Turks and Caicos Islands,0.07520902053,0.07231813919,0.0692649332,0.05797346226,0.05047391621,0.04530163875,0.04166084683,0.03682228848,0.06428749109,0.06642575939,0.2099111118,0.2030834839,0.3063527067,0.5102083581,0.4491568289,0.4151471222,0.3901349293,0.3945398999,0.3705884207,0.4829160198,0.4976346838,0.5273960035,0.5512263181,0.5159270996,0.5192600644,0.4535694298,0.439479762,0.2481157217,0.2502167357,0.2417608888,0.2728813856,0.2975313359
CO2,TCD,Chad,0.04851092341,0.05198909294,0.04302734202,0.02712067259,0.02733392621,0.0279302836,0.0284176538,0.02835079583,0.027351544,0.02814983265,0.03831624839,0.03375428156,0.03284531242,0.0410579202,0.03428215547,0.0309524097,0.03180987975,0.03492301222,0.02927336727,0.02879249789,0.0264803123,0.03290134317,0.05283297105,0.05428033057,0.0538701786,0.05963508555,0.06466477035,0.08931130547,0.09075788718,0.08848152527,0.08229936576,0.09041454297
CO2,TGO,Togo,0.1134909526,0.105927018,0.08466801791,0.07735134646,0.1209073531,0.1107025554,0.1550863656,0.1024211597,0.1287408228,0.1622211714,0.1512625068,0.1353270666,0.1385370882,0.1553485993,0.1504869431,0.1504792525,0.1367779445,0.137793384,0.1722968362,0.2772619297,0.2433610075,0.2099785553,0.1882143688,0.1525828754,0.1314228761,0.1108435687,0.1419995187,0.1183753341,0.125105808,0.1235385343,0.1215606908,0.1228271686
CO2,THA,Thailand,0.2340099535,0.2378672006,0.2410337834,0.2522335762,0.2614151532,0.2738904517,0.2914867016,0.3057427093,0.2923556142,0.2925267735,0.2827134801,0.286806197,0.2871563783,0.2786246234,0.2855869624,0.2840475536,0.2748389653,0.266273644,0.2631152324,0.2571833739,0.2537295802,0.2518710728,0.2520893209,0.2558005798,0.2502600029,0.2493097125,0.2375998947,0.2266779541,0.2151713428,0.2192203946,0.22075693,0.2203916008
CO2,TJK,Tajikistan,0.5675223281,0.582913627,0.6034251984,0.4890697208,0.3860296377,0.3760427496,0.4008811168,0.4338657363,0.4451697756,0.4040281175,0.3478407616,0.3122143215,0.2836013966,0.2612181633,0.2811174308,0.2511688082,0.2562411747,0.2748597273,0.2389099358,0.1842731067,0.1741723668,0.1629848796,0.172629732,0.1652015026,0.2036023048,0.2051376842,0.2373074058,0.2620653041,0.2839879127,0.2901238775,0.2642680165,0.2660694621
CO2,TKM,Turkmenistan,1.718630212,1.52893458,1.325872038,1.241884633,1.894114695,2.067955259,1.764776059,1.979147809,1.922604749,1.949921304,1.886102202,1.852034648,1.979978587,2.136189091,2.168460228,1.980425961,1.850532262,1.842323328,1.636721849,1.360372375,1.40580975,1.3291559,1.27227104,1.176386342,1.081294983,1.049673219,0.98823407,0.9252081243,0.8691374571,0.8178642275,0.7773570243,0.8535967557
CO2,TLS,Timor-Leste,0.001280388237,0.001196679517,0.00112667839,0.001059171302,0.0009850258554,0.0009020873172,0.0007980904635,0.0007370656744,0.02280117656,0.08925488096,0.1109193534,0.05195616148,0.04739773128,0.1235952969,0.2363628584,0.1525183262,0.1545034479,0.1242391018,0.1134081458,0.116937366,0.1025571666,0.1087066518,0.1755647366,0.2004752618,0.1847465889,0.1679192368,0.1505371195,0.1573254686,0.1545276029,0.1215913944,0.1083581263,0.1048438142
CO2,TON,Tonga,0.2454470381,0.2380654239,0.229311296,0.2163087477,0.2936586279,0.2383546187,0.2701382694,0.2967342264,0.3049895996,0.2854131976,0.2208164794,0.1965849561,0.2036426083,0.2376033362,0.2180803036,0.2324667592,0.2548442452,0.2041816109,0.2209720256,0.2622816838,0.2378941579,0.216029528,0.2092242696,0.198953056,0.2100816937,0.2125612919,0.2048621162,0.2359090661,0.2051702386,0.2432953354,0.2429621026,0.2537234573
CO2,TTO,Trinidad and Tobago,0.9939667934,0.9817724117,0.9181267507,0.8771368914,0.9147477025,0.8737006677,0.8906294105,0.8483960858,0.8895987674,0.8559863077,0.8432168738,0.9206761561,0.9206681048,0.9235403387,0.9192359163,1.040337714,1.014185903,0.9836206311,0.9295366638,0.9416528523,1.000955913,1.013350446,0.9185408852,0.879565499,0.8837796152,0.8596322349,0.8225822603,0.8574214542,0.8427687333,0.8705669527,0.8382596894,0.844780167
CO2,TUN,Tunisia,0.3086901332,0.3060676263,0.3018220549,0.306918686,0.2996895207,0.2993220793,0.2879611788,0.2818882861,0.2807459306,0.2780933312,0.2791763915,0.2799197451,0.2730480743,0.2581027179,0.2568153598,0.2550702219,0.25043244,0.2426833064,0.2380107388,0.2306591296,0.2456262338,0.2382403568,0.2457645714,0.2394507522,0.246130382,0.2476175377,0.2371778312,0.2343487597,0.2282952683,0.22525599,0.2263779906,0.2523265012
CO2,TUR,Turkey,0.2208916112,0.223004416,0.221739948,0.2129694207,0.2220678202,0.2238964316,0.2271346401,0.2218312333,0.2182020082,0.2238149726,0.2322522532,0.2245667054,0.2212459208,0.2205396248,0.2065117713,0.1974782623,0.2056743621,0.2149143975,0.2125125928,0.2249634139,0.214711674,0.2057202282,0.2028985149,0.181804953,0.1844812962,0.1799924872,0.1855253106,0.1920644437,0.1852204085,0.1772426524,0.1739329761,0.1692118708
CO2,TWN,Taiwan,0.38866008,0.3861522149,0.3782534288,0.3784641909,0.372377343,0.3696665144,0.3661632716,0.3710224987,0.3750312098,0.365474084,0.3747446206,0.3911422125,0.3820843226,0.3832359591,0.373883558,0.3655006343,0.3553888749,0.3395165425,0.3220829681,0.3116676219,0.3000621155,0.295130636,0.2840858489,0.283650302,0.2777435316,0.2739127109,0.2744619618,0.2712503465,0.2617344374,0.2465092731,0.2324597796,0.2411023171
CO2,TZA,Tanzania,0.06195002457,0.06430751927,0.05931028178,0.06151663164,0.06003319274,0.07933139973,0.08939201122,0.0810460409,0.0681909371,0.06082925684,0.06768824548,0.06754285775,0.07186596503,0.07125521255,0.08884795009,0.09291568007,0.09162815942,0.08349064697,0.08115103154,0.07461981602,0.08206251018,0.08936344241,0.1028185621,0.1055833069,0.09727905529,0.1002036089,0.09151096438,0.09041695149,0.08718591935,0.0899831483,0.08185560789,0.08415243767
CO2,UGA,Uganda,0.04473013275,0.05409733271,0.04879147206,0.04564969127,0.04396062936,0.04083178838,0.04093053959,0.04098528635,0.04632671406,0.0444070826,0.05402138154,0.05356487217,0.0512160478,0.05081458661,0.05066964494,0.05827165862,0.0611618259,0.06737495044,0.06411554637,0.0643866183,0.07025292978,0.0645655757,0.06024970029,0.06121558885,0.06723996401,0.06558874896,0.06586525674,0.07150235086,0.07045367354,0.07373948815,0.06499614004,0.06626817458
CO2,UKR,Ukraine,0.9190662232,0.9484858292,0.9241618197,0.9398894791,1.00879378,1.132507821,1.073557847,1.063920581,1.035209881,1.03551486,0.9690853913,0.8887706868,0.8453200807,0.8415712834,0.7059707027,0.6624023499,0.6172773015,0.5828262819,0.5467494343,0.5342089954,0.5505823521,0.5513059523,0.5368009395,0.5197596131,0.4956326487,0.4589029908,0.4483856357,0.3942318315,0.4071540231,0.3708566792,0.3662730572,0.3462709422
CO2,URY,Uruguay,0.1144601224,0.1250973259,0.1273121746,0.1177484303,0.103046249,0.1142648294,0.1260863337,0.118167164,0.117509555,0.1402065002,0.1151508446,0.1082800674,0.1077120486,0.1065942349,0.1269122998,0.1139536626,0.1277190491,0.1114169623,0.1367023459,0.1300058789,0.0989951224,0.1132570958,0.1243692359,0.1020651338,0.08670621449,0.08859747246,0.08558186147,0.07869249428,0.084067261,0.08373600764,0.08401010659,0.08691784338
CO2,USA,United States,0.5018573868,0.4982841047,0.4890748592,0.4870034784,0.4756417656,0.4677535046,0.4631582502,0.4656266863,0.4491452001,0.4294351238,0.4241626345,0.4168337283,0.3984583979,0.3921614271,0.3829038067,0.3706273313,0.3542171204,0.3525053632,0.3408974797,0.32435885,0.3304505661,0.3127020058,0.2932634218,0.2955412878,0.2899670492,0.2764361757,0.2665108115,0.256967614,0.2577035258,0.2443594939,0.2253586188,0.2270215661
CO2,UZB,Uzbekistan,1.688381715,1.702041261,1.789405998,1.829371604,1.842602588,1.682853773,1.676836094,1.622902489,1.764559692,1.705474432,1.738509678,1.684637162,1.67072034,1.509238322,1.44017334,1.27878092,1.273169037,1.129760923,1.083884382,0.9107542123,0.9216668575,0.8748896,0.7254173651,0.6672253214,0.5851844508,0.5189842534,0.519726787,0.5173483835,0.5047203829,0.4975258754,0.4858798476,0.465276175
CO2,VCT,Saint Vincent and the Grenadines,0.105445928,0.1048499246,0.1247222139,0.09312474615,0.1664642802,0.1650306567,0.1476285409,0.1585610391,0.1760956851,0.1824020229,0.1772999151,0.1994307701,0.2275577229,0.3324048185,0.3287513362,0.3173750003,0.3055679447,0.3003237393,0.2957610061,0.3767233277,0.3388585342,0.3678747925,0.4247587273,0.3525024469,0.3776761381,0.3543963716,0.3457489212,0.2137767341,0.1988602272,0.1699450243,0.1484588808,0.1639570621
CO2,VEN,Venezuela,0.3351599776,0.3013499728,0.2909108447,0.3088226855,0.317175248,0.3306304875,0.3537333736,0.3474957623,0.351070654,0.3625902272,0.3659538604,0.3673583388,0.4165010927,0.4368734158,0.3868387824,0.3652849859,0.330262171,0.2983223487,0.2991775009,0.3114285324,0.3381469106,0.3174597097,0.3394976581,0.3335397741,0.3440795208,0.3137055248,0.2936424633,0.2668839526,0.2472641611,0.2123171284,0.1787206437,0.1867783562
CO2,VGB,British Virgin Islands,0.242125333,0.1712439689,0.1677889116,0.1241400446,0.08440110116,0.06772745135,0.08189602058,0.0606777186,0.08999100176,0.09757231625,0.131726548,0.1088152877,0.1320056748,0.2812523,0.3510762241,0.2863006286,0.2641122296,0.3135806783,0.3381408204,0.3673841137,0.4442322115,0.3867138487,0.5305766398,0.4098940073,0.3991464981,0.4005632841,0.3989688469,0.178852724,0.2293811027,0.1764651189,0.1558689325,0.1675478283
CO2,VNM,Vietnam,0.1460982965,0.1388448262,0.1338061498,0.1451258332,0.156784848,0.164568954,0.1694447358,0.1807987078,0.1912242353,0.1870563295,0.1938288477,0.2005429514,0.222007186,0.2206109835,0.2428241204,0.2467309107,0.2368863359,0.2444650596,0.2556840232,0.270521475,0.2836703012,0.2671847053,0.2524419157,0.2508180327,0.2587929881,0.2965271684,0.2846769123,0.27173156,0.3099547118,0.3411595907,0.3199976333,0.3113368347
CO2,VUT,Vanuatu,0.2431293498,0.2145139734,0.1095838378,0.1066537646,0.1027711765,0.09781294604,0.09794127197,0.09890903955,0.1012274671,0.09813527374,0.164693593,0.1926386281,0.1970217124,0.2188053188,0.1656782099,0.1581213523,0.1312638025,0.1930464763,0.1879999202,0.2169783627,0.217874619,0.2494250454,0.2018926662,0.1940768567,0.212723317,0.1931260742,0.1857240269,0.1924940864,0.2389258474,0.2290115368,0.2433386412,0.2509117599
CO2,WSM,Samoa,0.1932602269,0.1997928326,0.1798130122,0.1898693319,0.2049120252,0.1841562323,0.1760837152,0.1855515152,0.1880992802,0.1786907792,0.2589303558,0.2533471132,0.2437992271,0.2379504741,0.2280794736,0.2177556454,0.2133963762,0.2163832216,0.2242587584,0.2438674914,0.2387712379,0.2378613643,0.2463873771,0.2427395063,0.2433553255,0.2681275728,0.2580821085,0.251242356,0.247255204,0.2645775694,0.273010631,0.3079749575
CO2,YEM,Yemen,0.1656092259,0.1951572491,0.1944649883,0.1690291517,0.1828279912,0.1925977745,0.1884295596,0.1926829503,0.1936042298,0.210269112,0.2115772717,0.2169411665,0.209293939,0.2344062821,0.2358794251,0.2407432353,0.2431732852,0.2494959198,0.2499240431,0.263402069,0.2330864841,0.2331542186,0.214512923,0.2727993325,0.2609934039,0.1297251291,0.1001230792,0.0944703702,0.08978428268,0.1032460095,0.09431230855,0.09788142134
CO2,ZAF,South Africa,0.7569070678,0.7448982099,0.744869186,0.7402720029,0.7337556118,0.7499600802,0.7440518246,0.7575122087,0.7671205007,0.7139247036,0.6985589961,0.6993943943,0.6997602068,0.7225871724,0.7455237292,0.7258416154,0.6942311163,0.6871095117,0.7065487331,0.6723307201,0.663325204,0.6165707535,0.6239819123,0.6242750302,0.6300745017,0.5912918617,0.587216099,0.5932772081,0.5825783038,0.5860780234,0.5695146509,0.5526152919
CO2,ZMB,Zambia,0.1713596388,0.1782785465,0.1800538142,0.1501911432,0.1405811624,0.135329781,0.1072162038,0.1339337346,0.1229553864,0.09648106133,0.09438395292,0.09041861311,0.09078977839,0.09149291506,0.08805052432,0.08781035822,0.0788865673,0.06679139871,0.06650371332,0.06818182794,0.06765800552,0.0719698859,0.09011941527,0.08987529468,0.09402430616,0.09719066393,0.1019102638,0.1237065337,0.1353145366,0.1142961459,0.1098314433,0.1123332785
CO2,ZWE,Zimbabwe,0.3959678551,0.4131228978,0.4567983118,0.4144722375,0.3573019365,0.3499033059,0.3054600951,0.2792774908,0.2753354129,0.3126788639,0.2807102274,0.2800856916,0.2783989222,0.274463704,0.2769827838,0.3237798437,0.3114143075,0.3176977206,0.2985184283,0.2673470762,0.2789211089,0.2880853408,0.2584953495,0.2595191518,0.2513180892,0.2513866877,0.2192081216,0.195057243,0.22474391,0.2273778721,0.2295956742,0.2330162812
,,,,,,,,,,,,,,,,,,,,,,,,,,,,,,,,,,
CO2,EU27,EU27,0.3150171579,0.30819936,0.2946915727,0.2909326231,0.2824368515,0.2792056249,0.2809342498,0.2689504373,0.2605075173,0.2488868086,0.2408338819,0.2391283363,0.2354148853,0.2389570158,0.2328534235,0.2267578261,0.219728877,0.210515324,0.203880595,0.1965433067,0.1987555913,0.1898169441,0.1873631303,0.182809789,0.1717787402,0.1709879974,0.1679438467,0.1643662678,0.1574686023,0.1471670821,0.1395264444,0.14102733
CO2,GLOBAL TOTAL,GLOBAL TOTAL,0.4379190993,0.435514575,0.4277548819,0.4230219413,0.4156887916,0.4147102088,0.4072949337,0.3993983267,0.3921788606,0.3819192093,0.3769494357,0.3730288628,0.3686537483,0.3724895165,0.3706851629,0.3673933339,0.3613127098,0.3565811652,0.3490365888,0.3471845905,0.3506943697,0.3482766666,0.3418939044,0.3357049032,0.3268597327,0.3154531304,0.3064031179,0.3004014317,0.2967224042,0.2894539542,0.2827396006,0.2814795391